Name,Completed,Created Time,Finish,Finish Time,Job,Multi-select,Operator,Quantity,Reference Photo,Start,Start Time
9.26.25_MDF_RiftWO_01_1-2-Grooves,Yes,"September 30, 2025 10:23 AM",,Oct 6 8:22 AM (EDT),Frienship,,,1,Cut%20File%20Log/9.26.25_MDF_RiftWO_01.html,,Oct 6 8:22 AM (EDT)
9.26.25_MDF_RiftWO_02_3-4-Grooves 2,Yes,"September 30, 2025 10:23 AM",,Oct 6 8:22 AM (EDT),Frienship,,,1,Cut%20File%20Log/9.26.25_MDF_RiftWO_02.html,,Oct 6 8:22 AM (EDT)
9.26.25_RiftWOPly01_1-2-Shelf Pins,Yes,"September 30, 2025 10:24 AM",,Oct 6 8:43 AM (EDT),Frienship,,,1,Cut%20File%20Log/9.26.25_RiftWOPly01.html,,Oct 6 8:43 AM (EDT)
9.26.25_RiftWOPly02_3-5-Shelf Pins,Yes,"September 30, 2025 10:24 AM",,Oct 6 8:44 AM (EDT),Frienship,,,1,Cut%20File%20Log/9.26.25_RiftWOPly02.html,,Oct 6 8:43 AM (EDT)
9.26.25_RiftWOPly03_6-8-Shelf Pins,Yes,"September 30, 2025 10:24 AM",,Oct 6 8:44 AM (EDT),Frienship,,,1,Cut%20File%20Log/9.26.25_RiftWOPly03.html,,Oct 6 8:44 AM (EDT)
9.26.25_RiftWOPly04_9-10-Pin Pocket,Yes,"September 30, 2025 10:24 AM",,Oct 6 8:44 AM (EDT),Frienship,,,1,Cut%20File%20Log/9.26.25_RiftWOPly04.html,,Oct 6 8:44 AM (EDT)
9.22.25 BACK_1Medex04,Yes,"September 30, 2025 10:27 AM",,Sep 30 12:54 PM (EDT),Moors,,,,,,Sep 30 12:54 PM (EDT)
9.22.25 FACE_1Medex04,Yes,"September 30, 2025 10:27 AM",,Sep 30 12:54 PM (EDT),Moors,,,,Cut%20File%20Log/9.22.25_1Medex04_Top.html,,Sep 30 12:54 PM (EDT)
9.22.25 1Medex05_BACK,Yes,"September 30, 2025 10:28 AM",,Sep 30 12:54 PM (EDT),Moors,,,,,,
9.22.25 FACE_1Medex05_1-4-Pocket 2 [Clear 1],Yes,"September 30, 2025 10:28 AM",,Sep 30 3:16 PM (EDT),Moors,,,,Cut%20File%20Log/9.22.25_PANTRY_1Medex05_Top.html,,Sep 30 2:33 PM (EDT)
9.22.25 1Medex06_BACK,Yes,"September 30, 2025 10:28 AM",,Sep 30 4:09 PM (EDT),Moors,,,,,,Sep 30 3:28 PM (EDT)
9.22.25 FACE_1Medex06_5-8-Pocket 2 [Clear 1],Yes,"September 30, 2025 10:28 AM",,Sep 30 4:09 PM (EDT),Moors,,,,Cut%20File%20Log/9.22.25_PANTRY_1Medex06_Top.html,,Sep 30 4:09 PM (EDT)
Test,Yes,"September 30, 2025 10:41 AM",,Sep 30 1:56 PM (EDT),,,,,,,
9.30.25 1_2PreFin_Paper Holder,Yes,"September 30, 2025 1:57 PM",,Oct 1 6:43 AM (EDT),SHOP,,Bryan Patton,,,,Oct 1 6:32 AM (EDT)
10.1.25_PreFin02_3-4-Pin Pocket,Yes,"October 1, 2025 10:30 AM",,Oct 6 8:46 AM (EDT),Moors,,,1,Cut%20File%20Log/10.1.25_PreFin02.html,,Oct 6 8:46 AM (EDT)
10.1.25_PreFin01_1-2-Pin Pocket,Yes,"October 1, 2025 10:30 AM",,Oct 6 8:46 AM (EDT),Moors,,,1,Cut%20File%20Log/10.1.25_PreFin01.html,,Oct 6 8:46 AM (EDT)
10.6.25 Final_Lam05_24-26-DF Holes,Yes,"October 6, 2025 1:25 PM",,Oct 7 2:32 PM (EDT),NCB,,,,Cut%20File%20Log/10.6.25_Final_Lam05.html,,Oct 7 2:32 PM (EDT)
10.6.25 Final_Lam04_20-23-DF Holes,Yes,"October 6, 2025 1:25 PM",,Oct 7 2:32 PM (EDT),NCB,,,,Cut%20File%20Log/10.6.25_Final_Lam04.html,,Oct 7 2:32 PM (EDT)
10.6.25 Final_Lam03_13-19-Slide Pattern,Yes,"October 6, 2025 1:25 PM",,Oct 7 2:32 PM (EDT),NCB,,,,Cut%20File%20Log/10.6.25_Final_Lam03.html,,Oct 7 12:56 PM (EDT)
10.6.25 Final_Lam02_7-12-Slide Pattern,Yes,"October 6, 2025 1:25 PM",,Oct 7 12:56 PM (EDT),NCB,,,,Cut%20File%20Log/10.6.25_Final_Lam02.html,,Oct 7 12:56 PM (EDT)
10.6.25 Final_Lam01_1-6-Slide Pattern,Yes,"October 6, 2025 1:25 PM",,Oct 7 12:56 PM (EDT),NCB,,,,Cut%20File%20Log/10.6.25_Final_Lam01.html,,Oct 7 12:56 PM (EDT)
10.7.25_5_8Mel01_1-2-Rabet,Yes,"October 7, 2025 8:45 AM",,Oct 7 3:36 PM (EDT),NCB,,,3,Cut%20File%20Log/10.7.25_5_8Mel01.html,,Oct 7 3:35 PM (EDT)
10.7.25_5_8Mel02_3-4-Profile 1,Yes,"October 7, 2025 8:45 AM",,Nov 6 7:42 AM (EST),NCB,,,2,Cut%20File%20Log/10.7.25_5_8Mel02.html,,Nov 6 7:42 AM (EST)
10.7.25_5_8Mel03_5-6-Drill 1,Yes,"October 7, 2025 8:45 AM",,Oct 7 3:22 PM (EDT),NCB,,,3,Cut%20File%20Log/10.7.25_5_8Mel03.html,,Oct 7 3:22 PM (EDT)
10.7.25_5_8Mel04_7-9-Drill 2,Yes,"October 7, 2025 8:45 AM",,Oct 7 2:55 PM (EDT),NCB,,,1,Cut%20File%20Log/10.7.25_5_8Mel04.html,,Oct 7 2:55 PM (EDT)
10.7.25_3_4Mel01_BACK,Yes,"October 7, 2025 9:59 AM",,Oct 7 3:22 PM (EDT),NCB,,,,,,Oct 7 3:22 PM (EDT)
10.7.25_3_4Mel01_FACE,Yes,"October 7, 2025 9:59 AM",,Oct 7 3:22 PM (EDT),NCB,,,1,Cut%20File%20Log/10.7.25_3_4Mel01_Top.html,,Oct 7 3:22 PM (EDT)
10.7.25_3_4Mel02_4-6-Pocket 1,Yes,"October 7, 2025 9:59 AM",,Oct 7 3:22 PM (EDT),NCB,,,1,Cut%20File%20Log/10.7.25_3_4Mel02_Top.html,,Oct 7 3:22 PM (EDT)
10.7.25_3_4Mel03_7-9-Pocket 3,Yes,"October 7, 2025 9:59 AM",,Oct 7 3:22 PM (EDT),NCB,,,1,Cut%20File%20Log/10.7.25_3_4Mel03_Top.html,,Oct 7 3:22 PM (EDT)
10.13.25 1Medex_BACK_AddOns_1-3-Drill 1,Yes,"October 13, 2025 11:39 AM",,Nov 6 7:42 AM (EST),Frienship,,,,,,Nov 6 7:42 AM (EST)
10.13.25 1Medex_FACE_AddOns_1-3-Drill 1_1-4-Pocket 2 [Clear 1],Yes,"October 13, 2025 11:39 AM",,Nov 6 7:42 AM (EST),Frienship,,,,Cut%20File%20Log/10.13.25_1Medex_AddOns_Top.html,,Nov 6 7:42 AM (EST)
10.15.25 BW Sm Table Shelf Qty10_1-Profile 1,Yes,"October 15, 2025 8:26 AM",,Oct 16 8:09 AM (EDT),Bethel,,,1,Cut%20File%20Log/10.15.25_SmTable_shelf_Qty10_Summary.html,,Oct 16 8:07 AM (EDT)
10.15.25 WO Sm Table Shelf Qty10_1-Profile 1,Yes,"October 15, 2025 8:26 AM",,Oct 16 8:41 AM (EDT),Bethel,,,1,Cut%20File%20Log/10.15.25_SmTable_shelf_Qty10_Summary%201.html,,Oct 16 8:31 AM (EDT)
10.15.25 WO RegSide Table Shelves qty 8_1-Profile 1,Yes,"October 15, 2025 8:30 AM",,Oct 16 8:30 AM (EDT),Bethel,,,,Cut%20File%20Log/10.15.25_WTRegSide_Table_shelf_Qty_8_Summary.html,,Oct 16 8:19 AM (EDT)
10.20.25 3_8Medex Hood Jig,Yes,"October 20, 2025 9:02 AM",,Oct 20 3:14 PM (EDT),Moors,,,,Cut%20File%20Log/10.20.25_Moors_Hood_Jig_Summary.html,,Oct 20 3:14 PM (EDT)
10.20.25 End Tables 3_4_WO-03,Yes,"October 20, 2025 11:42 AM",,Oct 21 8:00 AM (EDT),Bethel,,,,Cut%20File%20Log/10.20.25_WO_Bethel_End_Tables_Summary_WO-03.html,,Oct 21 7:53 AM (EDT)
10.20.25 End Tables 3_4_WO-02,Yes,"October 20, 2025 11:42 AM",,Oct 21 7:59 AM (EDT),Bethel,,,,Cut%20File%20Log/10.20.25_WO_Bethel_End_Tables_Summary_WO-02.html,,Oct 21 7:53 AM (EDT)
10.20.25 End Tables 3_4_WO-01,Yes,"October 20, 2025 11:42 AM",,Oct 21 7:59 AM (EDT),Bethel,,,,Cut%20File%20Log/10.20.25_WO_Bethel_End_Tables_Summary_WO-01.html,,Oct 21 7:53 AM (EDT)
10.20.25 End Tables 3_4_WO-04,Yes,"October 20, 2025 11:42 AM",,Nov 6 7:42 AM (EST),Bethel,,,,Cut%20File%20Log/10.20.25_WO_Bethel_End_Tables_Summary_WO-01%201.html,,
11.4.25 HallBath_PreFin02_4-5-Shelf Pins,Yes,"November 4, 2025 3:15 PM",,Nov 5 9:39 AM (EST),Patton,,,,Cut%20File%20Log/11.4.25_HallBath_PreFin02.html,,Nov 5 9:39 AM (EST)
11.4.25 HallBath_PreFin01_1-3-Slide Holes,Yes,"November 4, 2025 3:15 PM",,Nov 5 9:39 AM (EST),Patton,,,,Cut%20File%20Log/11.4.25_HallBath_PreFin01.html,,Nov 5 9:39 AM (EST)
11.4.25 HallBath_PreFin03_6-7-Pin Pocket,Yes,"November 4, 2025 3:16 PM",,Nov 5 9:39 AM (EST),Patton,,,,Cut%20File%20Log/11.4.25_HallBath_PreFin03.html,,Nov 5 9:39 AM (EST)
11.4.25 Coffee_Lam01_1-4-Hinge Markings,Yes,"November 4, 2025 3:17 PM",,Nov 5 3:25 PM (EST),"Bethel, ThermoWal",,,,Cut%20File%20Log/11.4.25_Coffee_Lam01.html,,Nov 5 3:25 PM (EST)
11.4.25 Coffee_Lam02_5-7-Hinge Markings,Yes,"November 4, 2025 3:17 PM",,Nov 5 3:25 PM (EST),"Bethel, ThermoWal",,,,Cut%20File%20Log/11.4.25_Coffee_Lam02.html,,
11.4.25 Coffee_Lam03_8-10-Hinge Markings,Yes,"November 4, 2025 3:17 PM",,Nov 5 3:25 PM (EST),"Bethel, ThermoWal",,,,Cut%20File%20Log/11.4.25_Coffee_Lam03.html,,Nov 5 3:25 PM (EST)
11.5.25 1Medex BACK,Yes,"November 5, 2025 10:23 AM",,Nov 5 12:53 PM (EST),Patton,,,,,,Nov 5 12:53 PM (EST)
11.5.25 1Medex FACE,Yes,"November 5, 2025 10:23 AM",,Nov 5 12:53 PM (EST),Patton,,,,Cut%20File%20Log/11.5.25_1Medex_Top.html,,Nov 5 12:53 PM (EST)
11.5.25 3_4Medex Panel,Yes,"November 5, 2025 10:23 AM",,Nov 5 12:53 PM (EST),Patton,,,,,,Nov 5 12:53 PM (EST)
11.5.25 MDF Core Face Up,Yes,"November 5, 2025 11:28 AM",,Nov 12 2:04 PM (EST),"Bethel, MilOak",,,3,,,Nov 12 2:03 PM (EST)
11.5.25 Melamine Core Face Down,Yes,"November 5, 2025 11:28 AM",,Nov 12 2:04 PM (EST),"Bethel, MilOak",,,3,,,Nov 12 2:03 PM (EST)
11.4.25 Coffee_Mel01_1-2-Drill 1,Yes,"November 5, 2025 1:15 PM",,Nov 6 7:42 AM (EST),"Bethel, WhiteMelamine",,,1,Cut%20File%20Log/11.4.25_Coffee_Mel01.html,,Nov 5 3:25 PM (EST)
11.4.25 Coffee_Mel02_3-5-Drill 1,Yes,"November 5, 2025 1:15 PM",,Nov 6 9:14 AM (EST),"Bethel, WhiteMelamine",,,1,Cut%20File%20Log/11.4.25_Coffee_Mel02.html,,Nov 6 9:14 AM (EST)
11.4.25 Coffee_Mel03_6-Profile 1,Yes,"November 5, 2025 1:15 PM",,Nov 6 9:14 AM (EST),"Bethel, WhiteMelamine",,,1,Cut%20File%20Log/11.4.25_Coffee_Mel03.html,,Nov 6 9:14 AM (EST)
11.12.25 Polpis_3_4Medex01_1-5-Pocket 1 [Clear 1],Yes,"November 12, 2025 9:50 AM",,Nov 12 1:07 PM (EST),Polpis,,,,Cut%20File%20Log/11.12.25_Polpis_3_4Medex01.html,,Nov 12 11:54 AM (EST)
11.12.25 Polpis_3_4Medex02_6-10-Pocket 2 [Clear 1],Yes,"November 12, 2025 9:50 AM",,Nov 12 1:22 PM (EST),Polpis,,,,Cut%20File%20Log/11.12.25_Polpis_3_4Medex02.html,,Nov 12 1:07 PM (EST)
11.12.25_UnFin01_1-3-Slide Holes,Yes,"November 12, 2025 12:25 PM",,Nov 17 1:06 PM (EST),Polpis,,,,Cut%20File%20Log/11.12.25_UnFin01.html,,Nov 17 12:42 PM (EST)
11.12.25_UnFin02_4-5-Pin Pocket,Yes,"November 12, 2025 12:25 PM",,Nov 17 3:10 PM (EST),Polpis,,,,Cut%20File%20Log/11.12.25_UnFin02.html,,Nov 17 1:06 PM (EST)
11.12.25_UnFin04_10-Profile 3,Yes,"November 12, 2025 12:25 PM",,Nov 17 3:10 PM (EST),Polpis,,,,Cut%20File%20Log/11.12.25_UnFin04.html,,
11.12.25_UnFin03_6-9-Slide Holes,Yes,"November 12, 2025 12:25 PM",,Nov 17 3:10 PM (EST),Polpis,,,,Cut%20File%20Log/11.12.25_UnFin03.html,,
11.12.25_UnFin06_13-Profile 3,Yes,"November 12, 2025 12:25 PM",,Nov 17 3:10 PM (EST),Polpis,,,,Cut%20File%20Log/11.12.25_UnFin06.html,,
11.12.25_UnFin05_11-12-Pin Pocket,Yes,"November 12, 2025 12:25 PM",,Nov 17 3:10 PM (EST),Polpis,,,,Cut%20File%20Log/11.12.25_UnFin05.html,,
11.12.25_UnFin07_14-Profile 3,Yes,"November 12, 2025 12:25 PM",,Nov 17 3:10 PM (EST),Polpis,,,,Cut%20File%20Log/11.12.25_UnFin07.html,,
11.12.25_UnFin08_15-Profile 3,Yes,"November 12, 2025 12:25 PM",,Nov 17 3:17 PM (EST),Polpis,,,,Cut%20File%20Log/11.12.25_UnFin08.html,,
11.12.25_UnFin10_17-Profile 3,Yes,"November 12, 2025 12:25 PM",,Nov 17 3:36 PM (EST),Polpis,,,,Cut%20File%20Log/11.12.25_UnFin10.html,,Nov 17 3:28 PM (EST)
11.12.25_UnFin09_16-Profile 3,Yes,"November 12, 2025 12:25 PM",,Nov 17 3:27 PM (EST),Polpis,,,,Cut%20File%20Log/11.12.25_UnFin09.html,,Nov 17 3:18 PM (EST)
11.12.25_UnFin11_18-Profile 3,Yes,"November 12, 2025 12:25 PM",,Nov 18 7:52 AM (EST),Polpis,,,,Cut%20File%20Log/11.12.25_UnFin11.html,,Nov 17 3:36 PM (EST)
11.12.25_UnFin12_19-Profile 3,Yes,"November 12, 2025 12:25 PM",,Nov 18 7:52 AM (EST),Polpis,,,,Cut%20File%20Log/11.12.25_UnFin12.html,,
11.12.25_UnFin13_20-Profile 3,Yes,"November 12, 2025 12:25 PM",,Nov 18 7:52 AM (EST),Polpis,,,,Cut%20File%20Log/11.12.25_UnFin13.html,,
11.12.25_PreFin01_1-3-Slide Holes,Yes,"November 12, 2025 12:25 PM",,Nov 12 2:04 PM (EST),Polpis,,,,Cut%20File%20Log/11.12.25_PreFin01.html,,Nov 12 2:04 PM (EST)
11.12.25_PreFin02_4-5-Shelf Pins,Yes,"November 12, 2025 12:25 PM",,Nov 12 2:26 PM (EST),Polpis,,,,Cut%20File%20Log/11.12.25_PreFin02.html,,Nov 12 2:04 PM (EST)
11.12.25_PreFin03_6-Profile 3,Yes,"November 12, 2025 12:25 PM",,Nov 12 2:26 PM (EST),Polpis,,,,Cut%20File%20Log/11.12.25_PreFin03.html,,Nov 12 2:26 PM (EST)
11.12.25_PreFin04_7-9-Slide Holes,Yes,"November 12, 2025 12:25 PM",,Nov 13 8:08 AM (EST),Polpis,,,,Cut%20File%20Log/11.12.25_PreFin04.html,,Nov 13 8:08 AM (EST)
11.12.25_PreFin05_10-13-Slide Holes,Yes,"November 12, 2025 12:25 PM",,Nov 13 8:08 AM (EST),Polpis,,,,Cut%20File%20Log/11.12.25_PreFin05.html,,Nov 13 8:08 AM (EST)
11.12.25_PreFin06_14-17-Slide Holes,Yes,"November 12, 2025 12:25 PM",,Nov 13 8:29 AM (EST),Polpis,,,,Cut%20File%20Log/11.12.25_PreFin06.html,,Nov 13 8:29 AM (EST)
11.12.25_PreFin07_18-20-Slide Holes,Yes,"November 12, 2025 12:25 PM",,Nov 13 8:54 AM (EST),Polpis,,,,Cut%20File%20Log/11.12.25_PreFin07.html,,Nov 13 8:29 AM (EST)
11.12.25_PreFin08_21-23-Shelf Pins,Yes,"November 12, 2025 12:25 PM",,Nov 13 9:38 AM (EST),Polpis,,,,Cut%20File%20Log/11.12.25_PreFin08.html,,Nov 13 9:38 AM (EST)
11.12.25_PreFin09_24-25-Shelf Pins,Yes,"November 12, 2025 12:25 PM",,Nov 13 9:55 AM (EST),Polpis,,,,Cut%20File%20Log/11.12.25_PreFin09.html,,Nov 13 9:55 AM (EST)
11.12.25_PreFin10_26-28-Shelf Pins,Yes,"November 12, 2025 12:25 PM",,Nov 13 11:40 AM (EST),Polpis,,,,Cut%20File%20Log/11.12.25_PreFin10.html,,Nov 13 11:40 AM (EST)
11.12.25_PreFin11_29-30-Shelf Pins,Yes,"November 12, 2025 12:25 PM",,Nov 13 11:40 AM (EST),Polpis,,,,Cut%20File%20Log/11.12.25_PreFin11.html,,Nov 13 11:40 AM (EST)
11.12.25 BACK_1Medex01_1-3-Drill 1,Yes,"November 12, 2025 12:51 PM",,Nov 17 10:41 AM (EST),Polpis,,,,,,Nov 17 10:41 AM (EST)
11.12.25 FACE_1Medex01_1-4-Pocket 2 [Clear 1],Yes,"November 12, 2025 12:51 PM",,Nov 17 10:41 AM (EST),Polpis,,,,Cut%20File%20Log/11.12.25_1Medex01_Top.html,,Nov 17 10:41 AM (EST)
11.12.25 BACK_1Medex02_4-6-Drill 1,Yes,"November 12, 2025 12:51 PM",,Nov 17 12:42 PM (EST),Polpis,,,,,,Nov 17 10:41 AM (EST)
11.12.25 FACE_1Medex02_5-8-Pocket 2 [Clear 1],Yes,"November 12, 2025 12:51 PM",,Nov 17 12:42 PM (EST),Polpis,,,,Cut%20File%20Log/11.12.25_1Medex02_Top.html,,Nov 17 12:42 PM (EST)
11.13.25_WalMDF_01_1-Profile 3,Yes,"November 13, 2025 9:55 AM",,Nov 13 2:12 PM (EST),"ABF, MedCenter",,,,Cut%20File%20Log/11.136.25_WalMDF_01.html,,Nov 13 2:12 PM (EST)
11.13.25_WalMDF_02_2-Profile 3,Yes,"November 13, 2025 9:55 AM",,Nov 13 2:12 PM (EST),"ABF, MedCenter",,,,Cut%20File%20Log/11.136.25_WalMDF_02.html,,Nov 13 2:12 PM (EST)
11.13.25_WalMDF_03_3-Profile 3,Yes,"November 13, 2025 9:55 AM",,Nov 13 2:12 PM (EST),"ABF, MedCenter",,,,Cut%20File%20Log/11.136.25_WalMDF_03.html,,Nov 13 2:12 PM (EST)
11.13.25_WalMDF_04_4-Profile 3,Yes,"November 13, 2025 9:55 AM",,Nov 13 2:18 PM (EST),"ABF, MedCenter",,,,Cut%20File%20Log/11.136.25_WalMDF_04.html,,Nov 13 2:12 PM (EST)
11.13.25_WalMDF_06_6-Profile 3,Yes,"November 13, 2025 9:55 AM",,Nov 17 7:17 AM (EST),"ABF, MedCenter",,,,Cut%20File%20Log/11.136.25_WalMDF_06.html,,Nov 17 7:17 AM (EST)
11.13.25_WalMDF_05_5-Profile 3,Yes,"November 13, 2025 9:55 AM",,Nov 17 7:17 AM (EST),"ABF, MedCenter",,,,Cut%20File%20Log/11.136.25_WalMDF_05.html,,
11.13.25_WalPLYOOD_01,Yes,"November 13, 2025 9:55 AM",,Nov 17 7:17 AM (EST),"ABF, MedCenter",,,,Cut%20File%20Log/11.13.25_WalPLWOOD.html,,Nov 17 7:17 AM (EST)
11.13.25 Replacement Coffee Door,Yes,"November 13, 2025 2:53 PM",,Nov 17 7:17 AM (EST),Bethel,,,,,,Nov 17 7:17 AM (EST)
11.18.25_3_8Medex01_1-2-Drill 1,Yes,"November 18, 2025 11:55 AM",,Nov 18 3:22 PM (EST),Gardner,,,,Cut%20File%20Log/11.18.25_3_8Medex01.html,,Nov 18 3:22 PM (EST)
11.18.25_3_8Medex02_3-4-Drill 2,Yes,"November 18, 2025 11:55 AM",,Nov 18 3:22 PM (EST),Gardner,,,,Cut%20File%20Log/11.18.25_3_8Medex02.html,,Nov 18 3:22 PM (EST)
11.18.25_PreFin01_1-3-Slide Holes,Yes,"November 18, 2025 2:27 PM",,Nov 18 4:16 PM (EST),Gardner,,,,Cut%20File%20Log/11.18.25_PreFin01.html,,Nov 18 4:16 PM (EST)
11.18.25_PreFin02_4-7-Slide Holes,Yes,"November 18, 2025 2:27 PM",,Nov 19 7:58 AM (EST),Gardner,,,,Cut%20File%20Log/11.18.25_PreFin02.html,,Nov 19 7:58 AM (EST)
11.18.25_PreFin03_8-10-Shelf Pins,Yes,"November 18, 2025 2:27 PM",,Nov 19 11:36 AM (EST),Gardner,,,,Cut%20File%20Log/11.18.25_PreFin03.html,,Nov 19 11:36 AM (EST)
11.18.25_PreFin04_11-Profile 3,Yes,"November 18, 2025 2:27 PM",,Nov 19 11:45 AM (EST),Gardner,,,,Cut%20File%20Log/11.18.25_PreFin04.html,,Nov 19 11:36 AM (EST)
11.18.25_PreFin05_12-13-Slide Holes,Yes,"November 18, 2025 2:27 PM",,Nov 19 2:10 PM (EST),Gardner,,,,Cut%20File%20Log/11.18.25_PreFin05.html,,Nov 19 11:45 AM (EST)
11.18.25_PreFin07_16-18-Slide Holes,Yes,"November 18, 2025 2:27 PM",,Nov 25 8:41 AM (EST),Gardner,,,,Cut%20File%20Log/11.18.25_PreFin07.html,,Nov 25 8:41 AM (EST)
11.18.25_PreFin06_14-15-Slide Holes,Yes,"November 18, 2025 2:27 PM",,Nov 19 2:55 PM (EST),Gardner,,,,Cut%20File%20Log/11.18.25_PreFin06.html,,
11.18.25_PreFin08_19-21-Slide Holes,Yes,"November 18, 2025 2:27 PM",,Nov 25 9:06 AM (EST),Gardner,,,,Cut%20File%20Log/11.18.25_PreFin08.html,,Nov 25 8:44 AM (EST)
11.18.25_PreFin09_22-24-Slide Holes,Yes,"November 18, 2025 2:27 PM",,Nov 25 9:19 AM (EST),Gardner,,,,Cut%20File%20Log/11.18.25_PreFin09.html,,Nov 25 9:19 AM (EST)
11.18.25_PreFin11_29-31-Slide Holes,Yes,"November 18, 2025 2:27 PM",,Nov 25 8:41 AM (EST),Gardner,,,,Cut%20File%20Log/11.18.25_PreFin11.html,,Nov 25 8:41 AM (EST)
11.18.25_PreFin10_25-28-Slide Holes,Yes,"November 18, 2025 2:27 PM",,Nov 25 9:41 AM (EST),Gardner,,,,Cut%20File%20Log/11.18.25_PreFin10.html,,Nov 25 9:40 AM (EST)
11.18.25_PreFin12_32-34-Slide Holes,Yes,"November 18, 2025 2:27 PM",,Dec 8 9:35 PM (EST),Gardner,,,,Cut%20File%20Log/11.18.25_PreFin12.html,,
11.18.25_PreFin14_39-41-Slide Holes,Yes,"November 18, 2025 2:27 PM",,Dec 8 9:35 PM (EST),Gardner,,,,Cut%20File%20Log/11.18.25_PreFin14.html,,
11.18.25_PreFin13_35-38-Slide Holes,Yes,"November 18, 2025 2:27 PM",,Dec 8 9:35 PM (EST),Gardner,,,,Cut%20File%20Log/11.18.25_PreFin13.html,,
11.18.25_PreFin15_42-43-Slide Holes,Yes,"November 18, 2025 2:27 PM",,Dec 8 9:35 PM (EST),Gardner,,,,Cut%20File%20Log/11.18.25_PreFin15.html,,
11.18.25_UnFin01_1-3-Shelf Pins,Yes,"November 18, 2025 3:06 PM",,Nov 20 8:46 AM (EST),Gardner,,,,Cut%20File%20Log/11.18.25_UnFin01.html,,Nov 20 8:39 AM (EST)
11.18.25_UnFin02_4-5-Pin Pocket,Yes,"November 18, 2025 3:06 PM",,Nov 20 3:41 PM (EST),Gardner,,,,Cut%20File%20Log/11.18.25_UnFin02.html,,Nov 20 3:41 PM (EST)
11.18.25_UnFin03_6-7-Shelf Pins,Yes,"November 18, 2025 3:06 PM",,Nov 20 4:36 PM (EST),Gardner,,,,Cut%20File%20Log/11.18.25_UnFin03.html,,Nov 20 4:36 PM (EST)
11.18.25_UnFin04_8-9-Pin Pocket,Yes,"November 18, 2025 3:06 PM",,Nov 20 4:36 PM (EST),Gardner,,,,Cut%20File%20Log/11.18.25_UnFin04.html,,Nov 20 4:36 PM (EST)
11.18.25 BACK_1Medex01_1-3-Drill 1,Yes,"November 18, 2025 3:29 PM",,Nov 19 10:23 AM (EST),Gardner,,,,,,Nov 19 10:23 AM (EST)
11.18.25 BACK_1Medex03_4-6-Drill 1,Yes,"November 18, 2025 3:29 PM",,Nov 19 2:55 PM (EST),Gardner,,,,,,
11.18.25 BACK_1Medex04_7-9-Drill 1,Yes,"November 18, 2025 3:29 PM",,Nov 20 3:02 PM (EST),Gardner,,,,,,Nov 20 3:02 PM (EST)
11.18.25 FACE_1Medex01_1-4-Pocket 2 [Clear 1],Yes,"November 18, 2025 3:29 PM",,Nov 19 11:20 AM (EST),Gardner,,,,Cut%20File%20Log/11.18.25_1Medex01_Top.html,,Nov 19 10:23 AM (EST)
11.18.25 FACE_1Medex04_13-16-Pocket 2 [Clear 1],Yes,"November 18, 2025 3:29 PM",,Nov 20 3:02 PM (EST),Gardner,,,,Cut%20File%20Log/11.18.25_1Medex04_Top.html,,Nov 20 3:02 PM (EST)
11.18.25 FACE_1Medex03_9-12-Pocket 2 [Clear 1],Yes,"November 18, 2025 3:29 PM",,Nov 20 3:01 PM (EST),Gardner,,,,Cut%20File%20Log/11.18.25_1Medex03_Top.html,,Nov 20 3:01 PM (EST)
11.18.25 SCRAP_1Medex02_5-8-Pocket 2 [Clear 1],Yes,"November 18, 2025 3:29 PM",,Nov 19 10:23 AM (EST),Gardner,,,,Cut%20File%20Log/11.18.25_1Medex02_Top.html,,Nov 19 10:23 AM (EST)
11.20.25 3_8Medex Missing Parts,Yes,"November 20, 2025 7:18 AM",,Nov 20 8:27 AM (EST),Gardner,,,,Cut%20File%20Log/11.19.25_3_8Medex_Missing_Parts_Summary.html,,Nov 20 8:27 AM (EST)
11.20.25 Patton Jig,Yes,"November 20, 2025 7:40 AM",,Nov 20 8:27 AM (EST),Patton,,,,,,Nov 20 8:27 AM (EST)
11.20.25_PreFin02_2-4-Slide Holes,Yes,"November 20, 2025 9:31 AM",,Nov 20 1:00 PM (EST),Polpis,,,,Cut%20File%20Log/11.20.25_PreFin02.html,,
11.20.25_PreFin01_1-Profile 3,Yes,"November 20, 2025 9:31 AM",,Nov 20 1:00 PM (EST),Polpis,,,,Cut%20File%20Log/11.20.25_PreFin01.html,,
11.20.25 NY_Bob PreFin_PreFin01_1-3-Slide Holes,Yes,"November 20, 2025 11:51 AM",,Nov 24 3:49 PM (EST),Bob,,,,Cut%20File%20Log/11.20.25_PreFin01%201.html,,
11.20.25 NY_Bob PreFin_PreFin03_7-9-Slide Holes,Yes,"November 20, 2025 11:51 AM",,Nov 24 3:50 PM (EST),Bob,,,,Cut%20File%20Log/11.20.25_PreFin03.html,,
11.20.25 NY_Bob PreFin_PreFin02_4-6-Slide Holes,Yes,"November 20, 2025 11:51 AM",,Nov 24 3:50 PM (EST),Bob,,,,Cut%20File%20Log/11.20.25_PreFin02%201.html,,
11.20.25_UnFin 02_1-Profile 1,Yes,"November 20, 2025 11:51 AM",,Nov 24 3:50 PM (EST),Bob,,,,Cut%20File%20Log/11.20.25_UnFin_02.html,,
11.20.25 NY_Bob PreFin_PreFin04_10-12-Slide Holes,Yes,"November 20, 2025 11:51 AM",,Nov 24 3:50 PM (EST),Bob,,,,Cut%20File%20Log/11.20.25_PreFin04.html,,
11.20.25_UnFin 03_2-Profile 2,Yes,"November 20, 2025 11:51 AM",,Nov 24 3:50 PM (EST),Bob,,,,Cut%20File%20Log/11.20.25_UnFin_03.html,,
11.20.25_1Medex01_1-4-Pocket 2 [Clear 1],Yes,"November 20, 2025 11:52 AM",,Nov 20 2:55 PM (EST),,,,,Cut%20File%20Log/11.20.25.html,,Nov 20 2:55 PM (EST)
11.26.25 3_8Medex 01_1-2-Drill http://1.nc/,Yes,"November 26, 2025 10:54 AM",,Dec 8 9:35 PM (EST),Gardner,,,,Cut%20File%20Log/11.26.25_3_8Medex_01.html,,
11.27.25 1Medex01_Gar Beds,Yes,"November 27, 2025 8:52 AM",,Dec 8 9:35 PM (EST),Gardner,,,,Cut%20File%20Log/11.26.25_1Medex01_Gar_Beds_1Medex01_Top.html,,
11.27.25 BACK_Gar_Shay 1Medex01,Yes,"November 27, 2025 9:07 AM",,Dec 8 9:35 PM (EST),,,,,,,
11.27.25 FACE_Gar_Shay 1Medex01,Yes,"November 27, 2025 9:07 AM",,Dec 8 9:35 PM (EST),"Gardner, Shay",,,,Cut%20File%20Log/11.27.25_Gar_Shay_1Medex01_Top.html,,
12.8.25_PreFin 1_1-2-Shelf Pins,Yes,"December 8, 2025 9:36 PM",,Dec 9 7:23 AM (EST),Sankaty,,,,Cut%20File%20Log/12.8.25_PreFin_1.html,,Dec 9 7:18 AM (EST)
12.8.25_PreFin 2_3-4-Shelf Pins,Yes,"December 8, 2025 9:36 PM",,Dec 9 7:33 AM (EST),Sankaty,,,,Cut%20File%20Log/12.8.25_PreFin_2.html,,Dec 9 7:23 AM (EST)
12.8.25_PreFin 3_5-6-Slide Holes,Yes,"December 8, 2025 9:36 PM",,Dec 9 7:45 AM (EST),Sankaty,,,,Cut%20File%20Log/12.8.25_PreFin_3.html,,Dec 9 7:33 AM (EST)
12.8.25_PreFin 5_9-Profile 3,Yes,"December 8, 2025 9:36 PM",,Dec 9 8:21 AM (EST),Sankaty,,,,Cut%20File%20Log/12.8.25_PreFin_5.html,,Dec 9 7:58 AM (EST)
12.8.25_PreFin 4_7-8-Slide Holes,Yes,"December 8, 2025 9:36 PM",,Dec 9 7:58 AM (EST),Sankaty,,,,Cut%20File%20Log/12.8.25_PreFin_4.html,,Dec 9 7:45 AM (EST)
12.8.25_PreFin 7_14-17-Slide Holes,Yes,"December 8, 2025 9:36 PM",,Dec 9 8:58 AM (EST),Sankaty,,,,Cut%20File%20Log/12.8.25_PreFin_7.html,,Dec 9 8:42 AM (EST)
12.8.25_PreFin 6_10-13-Slide Holes,Yes,"December 8, 2025 9:36 PM",,Dec 9 8:42 AM (EST),Sankaty,,,,Cut%20File%20Log/12.8.25_PreFin_6.html,,Dec 9 8:21 AM (EST)
12.8.25_PreFin 8_18-20-Slide Holes,Yes,"December 8, 2025 9:36 PM",,Dec 9 9:17 AM (EST),Sankaty,,,,Cut%20File%20Log/12.8.25_PreFin_8.html,,Dec 9 8:58 AM (EST)
12.8.25_PreFin 10_24-26-Slide Holes,Yes,"December 8, 2025 9:36 PM",,Dec 9 9:53 AM (EST),Sankaty,,,,Cut%20File%20Log/12.8.25_PreFin_10.html,,Dec 9 9:36 AM (EST)
12.8.25_PreFin 9_21-23-Slide Holes,Yes,"December 8, 2025 9:36 PM",,Dec 9 9:36 AM (EST),Sankaty,,,,Cut%20File%20Log/12.8.25_PreFin_9.html,,Dec 9 9:17 AM (EST)
12.8.25_PreFin 12_30-32-Slide Holes,Yes,"December 8, 2025 9:36 PM",,Dec 9 10:41 AM (EST),Sankaty,,,,Cut%20File%20Log/12.8.25_PreFin_12.html,,Dec 9 10:15 AM (EST)
12.8.25_PreFin 11_27-29-Slide Holes,Yes,"December 8, 2025 9:36 PM",,Dec 9 10:13 AM (EST),Sankaty,,,,Cut%20File%20Log/12.8.25_PreFin_11.html,,Dec 9 9:53 AM (EST)
12.8.25_PreFin 14_36-37-Slide Holes,Yes,"December 8, 2025 9:36 PM",,Dec 9 11:19 AM (EST),Sankaty,,,,Cut%20File%20Log/12.8.25_PreFin_14.html,,Dec 9 10:59 AM (EST)
12.8.25_PreFin 13_33-35-Slide Holes,Yes,"December 8, 2025 9:36 PM",,Dec 9 10:59 AM (EST),Sankaty,,,,Cut%20File%20Log/12.8.25_PreFin_13.html,,Dec 9 10:41 AM (EST)
12.8.25_PreFin 15_38-39-Slide Holes,Yes,"December 8, 2025 9:36 PM",,Dec 9 11:42 AM (EST),Sankaty,,,,Cut%20File%20Log/12.8.25_PreFin_15.html,,Dec 9 11:19 AM (EST)
12.8.25_PreFin 16_40-41-Slide Holes,Yes,"December 8, 2025 9:36 PM",,Dec 9 11:59 AM (EST),Sankaty,,,,Cut%20File%20Log/12.8.25_PreFin_16.html,,
12.8.25_PreFin 18_44-46-Shelf Pins,Yes,"December 8, 2025 9:36 PM",,Dec 9 12:52 PM (EST),Sankaty,,,,Cut%20File%20Log/12.8.25_PreFin_18.html,,Dec 9 12:27 PM (EST)
12.8.25_PreFin 19_47-49-Slide Holes,Yes,"December 8, 2025 9:36 PM",,Dec 9 1:12 PM (EST),Sankaty,,,,Cut%20File%20Log/12.8.25_PreFin_19.html,,Dec 9 1:12 PM (EST)
12.8.25_PreFin 17_42-43-Pin Pocket,Yes,"December 8, 2025 9:36 PM",,Dec 9 12:27 PM (EST),Sankaty,,,,Cut%20File%20Log/12.8.25_PreFin_17.html,,Dec 9 11:59 AM (EST)
12.8.25_PreFin 20_50-52-Slide Holes,Yes,"December 8, 2025 9:36 PM",,Dec 9 3:30 PM (EST),Sankaty,,,,Cut%20File%20Log/12.8.25_PreFin_20.html,,Dec 9 1:12 PM (EST)
12.8.25_PreFin 22_57-59-Slide Holes,Yes,"December 8, 2025 9:36 PM",,Dec 9 3:30 PM (EST),Sankaty,,,,Cut%20File%20Log/12.8.25_PreFin_22.html,,Dec 9 3:30 PM (EST)
12.8.25_PreFin 21_53-56-Slide Holes,Yes,"December 8, 2025 9:36 PM",,Dec 9 3:30 PM (EST),Sankaty,,,,Cut%20File%20Log/12.8.25_PreFin_21.html,,Dec 9 3:30 PM (EST)
12.8.25_PreFin 23_60-63-Slide Holes,Yes,"December 8, 2025 9:36 PM",,Dec 9 3:30 PM (EST),Sankaty,,,,Cut%20File%20Log/12.8.25_PreFin_23.html,,Dec 9 3:30 PM (EST)
12.8.25_PreFin 24_64-66-Shelf Pins,Yes,"December 8, 2025 9:36 PM",,Dec 15 8:36 AM (EST),Sankaty,,,,Cut%20File%20Log/12.8.25_PreFin_24.html,,
12.8.25_PreFin 25_67-70-Slide Holes,Yes,"December 8, 2025 9:36 PM",,,Sankaty,,,,Cut%20File%20Log/12.8.25_PreFin_25.html,,
12.8.25_PreFin 26_71-73-Slide Holes,Yes,"December 8, 2025 9:36 PM",,Dec 15 8:36 AM (EST),Sankaty,,,,Cut%20File%20Log/12.8.25_PreFin_26.html,,
12.8.25 BACK_1Medex 1_1-3-Drill 1,Yes,"December 9, 2025 12:53 PM",,Dec 9 4:07 PM (EST),Sankaty,,,,,,
12.8.25 BACK_1Medex 2_4-6-Drill 1,Yes,"December 9, 2025 12:53 PM",,Dec 10 8:36 AM (EST),Sankaty,,,,,,
12.8.25 BACK_1Medex 3_7-9-Drill 1,Yes,"December 9, 2025 12:53 PM",,Dec 10 10:50 AM (EST),Sankaty,,,,,,Dec 10 9:53 AM (EST)
12.8.25 BACK_1Medex 4_10-12-Drill 1,Yes,"December 9, 2025 12:53 PM",,Dec 10 12:43 PM (EST),Sankaty,,,,,,Dec 10 12:15 PM (EST)
12.8.25 BACK_1Medex 5_13-15-Drill 1,Yes,"December 9, 2025 12:53 PM",,Dec 10 2:53 PM (EST),Sankaty,,,,,,Dec 10 2:40 PM (EST)
12.8.25 FACE_1Medex 2_6-10-Pocket 2 [Clear 1],Yes,"December 9, 2025 12:53 PM",,Dec 10 9:44 AM (EST),Sankaty,,,,Cut%20File%20Log/12.8.25_1Medex_2_Top.html,,
12.8.25 FACE_1Medex 1_1-5-Pocket 2 [Clear 1],Yes,"December 9, 2025 12:53 PM",,Dec 10 8:36 AM (EST),Sankaty,,,,Cut%20File%20Log/12.8.25_1Medex_1_Top.html,,
12.8.25 FACE_1Medex 3_11-14-Pocket 2 [Clear 1],Yes,"December 9, 2025 12:53 PM",,Dec 10 12:15 PM (EST),Sankaty,,,,Cut%20File%20Log/12.8.25_1Medex_3_Top.html,,Dec 10 10:50 AM (EST)
12.8.25 FACE_1Medex 5_19-22-Pocket 2 [Clear 1],Yes,"December 9, 2025 12:53 PM",,Dec 10 3:21 PM (EST),Sankaty,,,,Cut%20File%20Log/12.8.25_1Medex_5_Top.html,,Dec 10 2:53 PM (EST)
12.8.25 FACE_1Medex 4_15-18-Pocket 2 [Clear 1],Yes,"December 9, 2025 12:53 PM",,Dec 10 2:09 PM (EST),Sankaty,,,,Cut%20File%20Log/12.8.25_1Medex_4_Top.html,,Dec 10 12:43 PM (EST)
12.8.25 FACE_1Medex SCRAP_23-26-Pocket 2 [Clear 1],Yes,"December 9, 2025 12:53 PM",,Dec 10 4:02 PM (EST),Sankaty,,,,Cut%20File%20Log/12.8.25_1Medex_SCRAP_Top.html,,Dec 10 3:27 PM (EST)
12.8.25_3_4Medex 4 T7 V_BIT,Yes,"December 11, 2025 3:25 PM",,Dec 15 8:36 AM (EST),Sankaty,,,,Cut%20File%20Log/12.8.25_3_4Medex_4.html,,
12.15.25_PreFin 01_1-Profile 3,Yes,"December 15, 2025 8:29 AM",,Dec 15 9:59 AM (EST),"Dickman, Fields",,,,Cut%20File%20Log/12.15.25_PreFin_01.html,,Dec 15 9:43 AM (EST)
12.15.25_PreFin 02_2-4-Slide Holes,Yes,"December 15, 2025 8:29 AM",,Dec 15 10:17 AM (EST),"Dickman, Fields",,,,Cut%20File%20Log/12.15.25_PreFin_02.html,,Dec 15 9:59 AM (EST)
12.15.25_PreFin 03_5-8-Slide Holes,Yes,"December 15, 2025 8:29 AM",,Dec 15 10:34 AM (EST),"Dickman, Fields",,,,Cut%20File%20Log/12.15.25_PreFin_03.html,,Dec 15 10:18 AM (EST)
12.15.25_PreFin 04_9-12-Slide Holes,Yes,"December 15, 2025 8:29 AM",,Dec 15 10:53 AM (EST),"Dickman, Fields",,,,Cut%20File%20Log/12.15.25_PreFin_04.html,,Dec 15 10:34 AM (EST)
12.15.25_PreFin 05_13-15-Slide Holes,Yes,"December 15, 2025 8:29 AM",,Dec 15 11:15 AM (EST),"Dickman, Fields",,,,Cut%20File%20Log/12.15.25_PreFin_05.html,,Dec 15 10:53 AM (EST)
12.15.25_PreFin 06_16-Profile 3,Yes,"December 15, 2025 8:29 AM",,Dec 15 11:32 AM (EST),"Dickman, Fields",,,,Cut%20File%20Log/12.15.25_PreFin_06.html,,Dec 15 11:15 AM (EST)
12.15.25_PreFin 07_17-19-Slide Holes,Yes,"December 15, 2025 8:29 AM",,Dec 15 11:49 AM (EST),"Dickman, Fields",,,,Cut%20File%20Log/12.15.25_PreFin_07.html,,Dec 15 11:32 AM (EST)
12.15.25_PreFin 09_23-26-Slide Holes,Yes,"December 15, 2025 8:29 AM",,Dec 15 12:44 PM (EST),"Dickman, Fields",,,,Cut%20File%20Log/12.15.25_PreFin_09.html,,Dec 15 12:19 PM (EST)
12.15.25_PreFin 08_20-22-Slide Holes,Yes,"December 15, 2025 8:29 AM",,Dec 15 12:18 PM (EST),"Dickman, Fields",,,,Cut%20File%20Log/12.15.25_PreFin_08.html,,Dec 15 11:49 AM (EST)
12.15.25_PreFin 10_27-30-Slide Holes,Yes,"December 15, 2025 8:29 AM",,Dec 15 1:16 PM (EST),"Dickman, Fields",,,,Cut%20File%20Log/12.15.25_PreFin_10.html,,Dec 15 12:44 PM (EST)
12.15.25_PreFin 12_35-37-Slide Holes,Yes,"December 15, 2025 8:29 AM",,Dec 15 3:24 PM (EST),"Dickman, Fields",,,,Cut%20File%20Log/12.15.25_PreFin_12.html,,Dec 15 2:45 PM (EST)
12.15.25_PreFin 11_31-34-Slide Holes,Yes,"December 15, 2025 8:29 AM",,Dec 15 1:52 PM (EST),"Dickman, Fields",,,,Cut%20File%20Log/12.15.25_PreFin_11.html,,Dec 15 1:17 PM (EST)
12.15.25_PreFin 13_38-41-Slide Holes,Yes,"December 15, 2025 8:29 AM",,Dec 15 3:55 PM (EST),"Dickman, Fields",,,,Cut%20File%20Log/12.15.25_PreFin_13.html,,Dec 15 3:31 PM (EST)
12.15.25_PreFin 14_42-44-Shelf Pins,Yes,"December 15, 2025 8:29 AM",,Dec 15 4:16 PM (EST),"Dickman, Fields",,,,Cut%20File%20Log/12.15.25_PreFin_14.html,,Dec 15 3:55 PM (EST)
12.8.25_3_4RiftWO_02_4-7-Slide Holes,Yes,"December 15, 2025 8:29 AM",,,Sankaty,,,,Cut%20File%20Log/12.8.25_3_4RiftWO_02.html,,
12.8.25_3_4RiftWO_01_1-3-Slide Holes,Yes,"December 15, 2025 8:29 AM",,,Sankaty,,,,Cut%20File%20Log/12.8.25_3_4RiftWO_01.html,,
12.17.25 BACK_1Medex 1_1-3-Drill 1,Yes,"December 17, 2025 9:40 AM",,Dec 17 10:17 AM (EST),Fields,,,,,,Dec 17 10:16 AM (EST)
12.17.25 BACK_1Medex 2_4-6-Drill 1,Yes,"December 17, 2025 9:40 AM",,Dec 17 2:10 PM (EST),Fields,,,,,,Dec 17 2:10 PM (EST)
12.17.25 BACK_1Medex 3_7-9-Drill 1,Yes,"December 17, 2025 9:40 AM",,Dec 17 2:10 PM (EST),Fields,,,,,,Dec 17 2:10 PM (EST)
12.17.25 FACE_1Medex 1_1-4-Pocket 2 [Clear 1],Yes,"December 17, 2025 9:40 AM",,Dec 17 2:10 PM (EST),Fields,,,,Cut%20File%20Log/12.17.25_1Medex_1_Top.html,,Dec 17 2:10 PM (EST)
12.17.25 FACE_1Medex 2_5-8-Pocket 2 [Clear 1],Yes,"December 17, 2025 9:40 AM",,Dec 17 2:10 PM (EST),Fields,,,,Cut%20File%20Log/12.17.25_1Medex_2_Top.html,,
12.17.25 FACE_1Medex 3_9-12-Pocket 2 [Clear 1],Yes,"December 17, 2025 9:40 AM",,Dec 18 1:29 PM (EST),Fields,,,,Cut%20File%20Log/12.17.25_1Medex_3_Top.html,,Dec 18 1:29 PM (EST)
12.16.25 3_4Medex 01,Yes,"December 17, 2025 9:51 AM",,Dec 22 8:38 AM (EST),Fields,,,,,,
12.17.25 1_2Medex Wall Panel Sank_1-3-Profile 1,Yes,"December 17, 2025 3:39 PM",,Dec 22 2:59 PM (EST),Sankaty,,,10,,,
12.18.25_PreFin02_5-6-Pin Pocket,Yes,"December 18, 2025 1:38 PM",,Dec 18 2:55 PM (EST),Fields,,,,Cut%20File%20Log/12.18.25_PreFin02.html,,
12.18.25_PreFin01_1-4-Slide Holes,Yes,"December 18, 2025 1:38 PM",,Dec 18 2:55 PM (EST),Fields,,,,Cut%20File%20Log/12.18.25_PreFin01.html,,
12.15.25_RiftWO_MDF 01_3-4-Rabet,Yes,"December 18, 2025 1:41 PM",,Dec 22 8:38 AM (EST),Fields,,,,Cut%20File%20Log/12.15.25_RiftWO_MDF_01.html,,
12.15.25_RiftWO_MDF 02_1-2-Rabet,Yes,"December 18, 2025 1:41 PM",,Dec 22 8:38 AM (EST),Fields,,,,Cut%20File%20Log/12.15.25_RiftWO_MDF_02.html,,
12.22.25 UPPERS_PreFin 1_1-3-Slide Holes,Yes,"December 22, 2025 8:45 AM",,Dec 22 9:42 AM (EST),Hummock,,,,Cut%20File%20Log/12.22.25_UPPERS_PreFin_1.html,,Dec 22 9:09 AM (EST)
12.22.25 UPPERS_PreFin 2_4-Profile 3,Yes,"December 22, 2025 8:45 AM",,Dec 22 9:43 AM (EST),Hummock,,,,Cut%20File%20Log/12.22.25_UPPERS_PreFin_2.html,,
12.22.25 UPPERS_PreFin 3_5-6-Pin Pocket,Yes,"December 22, 2025 8:45 AM",,Dec 22 10:02 AM (EST),Hummock,,,,Cut%20File%20Log/12.22.25_UPPERS_PreFin_3.html,,
12.22.25 UPPERS_PreFin 4_7-9-Slide Holes,Yes,"December 22, 2025 8:45 AM",,Dec 22 11:09 AM (EST),Hummock,,,,Cut%20File%20Log/12.22.25_UPPERS_PreFin_4.html,,
12.22.25 UPPERS_PreFin 5_10-12-Slide Holes,Yes,"December 22, 2025 8:45 AM",,Dec 22 11:09 AM (EST),Hummock,,,,Cut%20File%20Log/12.22.25_UPPERS_PreFin_5.html,,
12.22.25 UPPERS_PreFin 6_13-14-Pin Pocket,Yes,"December 22, 2025 8:45 AM",,Dec 22 11:09 AM (EST),Hummock,,,,Cut%20File%20Log/12.22.25_UPPERS_PreFin_6.html,,
12.22.25 UPPERS_PreFin 7_15-16-Pin Pocket,Yes,"December 22, 2025 8:45 AM",,Dec 22 11:41 AM (EST),Hummock,,,,Cut%20File%20Log/12.22.25_UPPERS_PreFin_7.html,,
12.22.25_PreFin 08_1-3-Slide Holes,Yes,"December 22, 2025 9:32 AM",,Dec 22 12:37 PM (EST),Hummock,,,,Cut%20File%20Log/12.22.25_PreFin_08.html,,Dec 22 12:37 PM (EST)
12.22.25_PreFin 09_4-6-Slide Holes,Yes,"December 22, 2025 9:32 AM",,Dec 23 12:22 PM (EST),Hummock,,,,Cut%20File%20Log/12.22.25_PreFin_09.html,,
12.22.25_PreFin 10_7-10-Slide Holes,Yes,"December 22, 2025 9:32 AM",,Dec 23 12:22 PM (EST),Hummock,,,,Cut%20File%20Log/12.22.25_PreFin_10.html,,
12.22.25_PreFin 11_11-13-Shelf Pins,Yes,"December 22, 2025 9:32 AM",,Dec 23 1:04 PM (EST),Hummock,,,,Cut%20File%20Log/12.22.25_PreFin_11.html,,Dec 23 12:22 PM (EST)
12.22.25_PreFin 12_14-16-Shelf Pins,Yes,"December 22, 2025 9:32 AM",,Dec 23 1:18 PM (EST),Hummock,,,,Cut%20File%20Log/12.22.25_PreFin_12.html,,Dec 23 1:04 PM (EST)
12.22.25_PreFin 13_17-19-Slide Holes,Yes,"December 22, 2025 9:32 AM",,Dec 23 12:34 PM (EST),Hummock,,,,Cut%20File%20Log/12.22.25_PreFin_13.html,,Dec 23 12:24 PM (EST)
12.22.25_PreFin 14_20-22-Slide Holes,Yes,"December 22, 2025 9:32 AM",,Dec 23 1:33 PM (EST),Hummock,,,,Cut%20File%20Log/12.22.25_PreFin_14.html,,Dec 23 1:18 PM (EST)
12.22.25_PreFin 15_23-24-Slide Holes,Yes,"December 22, 2025 9:32 AM",,Dec 23 1:54 PM (EST),Hummock,,,,Cut%20File%20Log/12.22.25_PreFin_15.html,,Dec 23 1:33 PM (EST)
12.22.25_PreFin 16_25-Profile 3,Yes,"December 22, 2025 9:32 AM",,Dec 23 12:45 PM (EST),Hummock,,,,Cut%20File%20Log/12.22.25_PreFin_16.html,,Dec 23 12:34 PM (EST)
12.22.25_PreFin 17_26-Profile 3,Yes,"December 22, 2025 9:32 AM",,Dec 23 2:27 PM (EST),Hummock,,,,Cut%20File%20Log/12.22.25_PreFin_17.html,,
12.22.25_PreFin 19_28-30-Slide Holes,Yes,"December 22, 2025 9:32 AM",,Dec 23 2:57 PM (EST),Hummock,,,,Cut%20File%20Log/12.22.25_PreFin_19.html,,Dec 23 2:57 PM (EST)
12.22.25_PreFin 18_27-Profile 3,Yes,"December 22, 2025 9:32 AM",,Dec 23 2:29 PM (EST),Hummock,,,,Cut%20File%20Log/12.22.25_PreFin_18.html,,Dec 23 2:27 PM (EST)
12.22.25_PreFin 20,Yes,"December 22, 2025 9:48 AM",,Dec 23 4:09 PM (EST),Hummock,,,,Cut%20File%20Log/12.22.25_PreFin20.html,,Dec 23 3:06 PM (EST)
12.22.25_UnFin 1_1-2-Pin Pocket,Yes,"December 22, 2025 11:02 AM",,Dec 30 3:31 PM (EST),Hummock,,,,Cut%20File%20Log/12.22.25_UnFin_1.html,,
12.22.25_UnFin 2_3-6-Slide Holes,Yes,"December 22, 2025 11:02 AM",,Dec 30 3:53 PM (EST),Hummock,,,,Cut%20File%20Log/12.22.25_UnFin_2.html,,
12.22.25_UnFin 3_7-Profile 3,Yes,"December 22, 2025 11:02 AM",,Dec 30 4:19 PM (EST),Hummock,,,,Cut%20File%20Log/12.22.25_UnFin_3.html,,
12.22.25_UnFin 4_8-11-Slide Holes,Yes,"December 22, 2025 11:02 AM",,Dec 30 4:24 PM (EST),Hummock,,,,Cut%20File%20Log/12.22.25_UnFin_4.html,,
12.22.25_UnFin 5_12-15-Slide Holes,Yes,"December 22, 2025 11:02 AM",,Dec 31 10:43 AM (EST),Hummock,,,,Cut%20File%20Log/12.22.25_UnFin_5.html,,Dec 31 9:04 AM (EST)
12.18.25 PreFin 01_1-2-Shelf Pins,Yes,"December 22, 2025 11:58 AM",,Dec 23 12:23 PM (EST),67 Surfside,,,,Cut%20File%20Log/12.18.25_Surf_PreFin_Summary.html,,Dec 23 12:12 PM (EST)
12.22.25 BACK 3_4Medex 4_3,Yes,"December 22, 2025 12:14 PM",,Dec 23 11:55 AM (EST),Hummock,,,,,,Dec 23 10:33 AM (EST)
12.22.25_3_4Medex 1_Top,Yes,"December 22, 2025 12:14 PM",,Dec 23 9:47 AM (EST),Hummock,,,,Cut%20File%20Log/12.22.25_3_4Medex_1_Top.html,,Dec 23 9:15 AM (EST)
12.22.25_3_4Medex 2_Top,Yes,"December 22, 2025 12:14 PM",,Dec 23 10:15 AM (EST),Hummock,,,,Cut%20File%20Log/12.22.25_3_4Medex_2_Top.html,,Dec 23 9:48 AM (EST)
12.22.25_3_4Medex 3_Top,Yes,"December 22, 2025 12:14 PM",,Dec 23 10:33 AM (EST),Hummock,,,,Cut%20File%20Log/12.22.25_3_4Medex_3_Top.html,,Dec 23 10:15 AM (EST)
12.22.25 FACE 3_4Medex 4_Top,Yes,"December 22, 2025 12:14 PM",,Dec 23 11:55 AM (EST),Hummock,,,,Cut%20File%20Log/12.22.25_3_4Medex_4_Top.html,,Dec 23 11:55 AM (EST)
12.22.25 FACE_1Medex 1_1-4-Pocket 2 [Clear 1],Yes,"December 22, 2025 1:06 PM",,Dec 23 4:29 PM (EST),Hummock,,,,Cut%20File%20Log/12.22.25_1Medex_1_Top.html,,Dec 23 4:29 PM (EST)
12.22.25 FACE_1Medex 2_5-8-Pocket 2 [Clear 1],Yes,"December 22, 2025 1:06 PM",,Dec 24 9:26 AM (EST),Hummock,,,,Cut%20File%20Log/12.22.25_1Medex_2_Top.html,,Dec 23 4:29 PM (EST)
12.22.25 FACE_1Medex 3_9-12-Pocket 2 [Clear 1],Yes,"December 22, 2025 1:06 PM",,Dec 24 9:02 AM (EST),Hummock,,,,Cut%20File%20Log/12.22.25_1Medex_3_Top.html,,Dec 24 9:02 AM (EST)
12.22.25 FACE_1Medex 5_17-20-Pocket 2 [Clear 1],Yes,"December 22, 2025 1:06 PM",,Dec 24 4:29 PM (EST),Hummock,,,,Cut%20File%20Log/12.22.25_1Medex_5_Top.html,,
12.22.25 FACE_1Medex 4_13-16-Pocket 2 [Clear 1],Yes,"December 22, 2025 1:06 PM",,Dec 24 11:17 AM (EST),Hummock,,,,Cut%20File%20Log/12.22.25_1Medex_4_Top.html,,Dec 24 11:17 AM (EST)
12.22.25 FACE_1Medex 6_21-24-Pocket 2 [Clear 1],Yes,"December 22, 2025 1:06 PM",,Dec 23 8:46 AM (EST),Hummock,,,,Cut%20File%20Log/12.22.25_1Medex_6_Top.html,,Dec 23 8:46 AM (EST)
12.22.25 BACK_1Medex 1_1-3-Drill 1,Yes,"December 22, 2025 1:06 PM",,Dec 23 4:29 PM (EST),Hummock,,,,,,Dec 23 4:29 PM (EST)
12.22.25 BACK_1Medex 3_7-9-Drill 1,Yes,"December 22, 2025 1:06 PM",,Dec 24 9:02 AM (EST),Hummock,,,,,,Dec 24 9:02 AM (EST)
12.22.25 BACK_1Medex 2_4-6-Drill 1,Yes,"December 22, 2025 1:06 PM",,Dec 23 4:29 PM (EST),Hummock,,,,,,Dec 23 4:29 PM (EST)
12.22.25 BACK_1Medex 4_10-12-Drill 1,Yes,"December 22, 2025 1:06 PM",,Dec 24 1:09 PM (EST),Hummock,,,,,,
12.22.25 BACK_1Medex 5_13-15-Drill 1,Yes,"December 22, 2025 1:06 PM",,Dec 24 4:29 PM (EST),Hummock,,,,,,Dec 24 1:09 PM (EST)
12.22.25 BACK_1Medex 6_16-18-Drill 1,Yes,"December 22, 2025 1:06 PM",,Dec 23 8:46 AM (EST),Hummock,,,,,,Dec 23 7:10 AM (EST)
12.22.25 UCL_3_4Medex 1,Yes,"December 22, 2025 1:47 PM",,Dec 24 12:57 PM (EST),"Fields, Hummock, Sankaty",,,,Cut%20File%20Log/12.22.25_UCL_3_4Medex_1.html,,Dec 24 12:57 PM (EST)
12.22.25 UCL_3_4Medex 2,Yes,"December 22, 2025 1:47 PM",,Dec 24 1:09 PM (EST),"Fields, Hummock, Sankaty",,,,Cut%20File%20Log/12.22.25_UCL_3_4Medex_2.html,,Dec 24 12:57 PM (EST)
12.15.25_UnFin01_1-Profile 3,Yes,"December 23, 2025 12:18 PM",,Dec 23 4:09 PM (EST),Dickman,,,,,,
12.15.25_UnFin02_2-Profile 3,Yes,"December 23, 2025 12:18 PM",,Dec 23 4:09 PM (EST),Dickman,,,,,,
12.15.25_UnFin03_3-Profile 3,Yes,"December 23, 2025 12:18 PM",,Dec 23 4:09 PM (EST),Dickman,,,,,,
12.15.25_UnFin04_4-Profile 3,Yes,"December 23, 2025 12:18 PM",,Dec 23 4:09 PM (EST),Dickman,,,,,,
12.30.25 BACK_1MEDEX,Yes,"December 30, 2025 10:55 AM",,Dec 30 3:21 PM (EST),Dickman,,,,,,Dec 30 1:23 PM (EST)
12.30.25 FACE 1MEDEX_1-4-Pocket 2 [Clear 1],Yes,"December 30, 2025 10:55 AM",,Dec 30 3:21 PM (EST),Dickman,,,,Cut%20File%20Log/12.30.25_Top.html,,
[Cut File Name],Yes,"January 5, 2026 10:24 AM",,Jan 5 10:46 AM (EST),,,,,,,
1.5.26_PreFin 02_1-Profile 3,Yes,"January 5, 2026 10:25 AM",,Jan 5 10:46 AM (EST),,,,,Cut%20File%20Log/1.5.26_PreFin_02.html,,Jan 5 10:46 AM (EST)
1.5.26_PreFin 04_4-6-Slide Holes,Yes,"January 5, 2026 10:25 AM",,Jan 5 11:29 AM (EST),,,,,Cut%20File%20Log/1.5.26_PreFin_04.html,,Jan 5 11:09 AM (EST)
1.5.26_PreFin 03_2-3-Slide Holes,Yes,"January 5, 2026 10:25 AM",,Jan 5 11:08 AM (EST),,,,,Cut%20File%20Log/1.5.26_PreFin_03.html,,Jan 5 10:53 AM (EST)
1.5.26_PreFin 06_10-11-Slide Holes,Yes,"January 5, 2026 10:25 AM",,Jan 5 12:08 PM (EST),,,,,Cut%20File%20Log/1.5.26_PreFin_06.html,,Jan 5 11:51 AM (EST)
1.5.26_PreFin 05_7-9-Slide Holes,Yes,"January 5, 2026 10:25 AM",,Jan 5 11:48 AM (EST),,,,,Cut%20File%20Log/1.5.26_PreFin_05.html,,Jan 5 11:29 AM (EST)
1.5.26_PreFin 07_12-14-Slide Holes,Yes,"January 5, 2026 10:25 AM",,Jan 5 12:30 PM (EST),"Codfish, Fields",,,,Cut%20File%20Log/1.5.26_PreFin_07.html,,Jan 5 12:12 PM (EST)
1.5.26_PreFin 08_15-18-Slide Holes,Yes,"January 5, 2026 10:25 AM",,Jan 5 12:51 PM (EST),"Codfish, Fields",,,,Cut%20File%20Log/1.5.26_PreFin_08.html,,Jan 5 12:35 PM (EST)
1.5.26_PreFin 09_19-22-Slide Holes,Yes,"January 5, 2026 10:25 AM",,Jan 5 1:18 PM (EST),"Codfish, Fields",,,,Cut%20File%20Log/1.5.26_PreFin_09.html,,Jan 5 12:57 PM (EST)
1.5.26_PreFin 10_23-26-Slide Holes,Yes,"January 5, 2026 10:25 AM",,Jan 5 2:01 PM (EST),"Codfish, Fields",,,,Cut%20File%20Log/1.5.26_PreFin_10.html,,Jan 5 1:19 PM (EST)
1.5.26_PreFin 11_27-29-Slide Holes,Yes,"January 5, 2026 10:25 AM",,Jan 5 2:34 PM (EST),"Codfish, Fields",,,,Cut%20File%20Log/1.5.26_PreFin_11.html,,Jan 5 2:01 PM (EST)
1.5.26_PreFin 12_30-31-Slide Holes,Yes,"January 5, 2026 10:25 AM",,Jan 5 2:34 PM (EST),"Codfish, Fields",,,,Cut%20File%20Log/1.5.26_PreFin_12.html,,Jan 5 2:34 PM (EST)
1.5.26_BACK_1Medex01_1-3-Drill 1,Yes,"January 5, 2026 12:08 PM",,Jan 6 9:22 AM (EST),Codfish,,,,,,
1.5.26_BACK_1Medex03_7-9-Drill 1,Yes,"January 5, 2026 12:08 PM",,Jan 6 12:51 PM (EST),Codfish,,,,,,
1.5.26_BACK_1Medex02_4-6-Drill 1,Yes,"January 5, 2026 12:08 PM",,Jan 6 10:51 AM (EST),Codfish,,,,,,Jan 6 9:22 AM (EST)
1.5.26_FACE_1Medex01_1-4-Pocket 2 [Clear 1],Yes,"January 5, 2026 12:08 PM",,Jan 6 10:50 AM (EST),Codfish,,,,Cut%20File%20Log/1.5.26_1Medex01_Top.html,,
1.5.26_FACE_1Medex02_5-8-Pocket 2 [Clear 1],Yes,"January 5, 2026 12:08 PM",,Jan 6 12:51 PM (EST),Codfish,,,,Cut%20File%20Log/1.5.26_1Medex02_Top.html,,
1.5.26_FACE_1Medex03_9-12-Pocket 2 [Clear 1],Yes,"January 5, 2026 12:08 PM",,Jan 6 2:24 PM (EST),Codfish,,,,Cut%20File%20Log/1.5.26_1Medex03_Top.html,,
1.5.26_UnFin 4_4-Profile 4,Yes,"January 5, 2026 12:12 PM",,Jan 5 3:55 PM (EST),Fields,,,,Cut%20File%20Log/1.5.26_UnFin_4.html,,
1.5.26_UnFin 3_3-Profile 3,Yes,"January 5, 2026 12:12 PM",,Jan 5 3:56 PM (EST),Fields,,,,Cut%20File%20Log/1.5.26_UnFin_3.html,,Jan 5 3:56 PM (EST)
1.5.26_UnFin 2_2-Profile 2,Yes,"January 5, 2026 12:12 PM",,Jan 5 3:15 PM (EST),Fields,,,,Cut%20File%20Log/1.5.26_UnFin_2.html,,Jan 5 3:02 PM (EST)
1.5.26_UnFin 1_1-Profile 1,Yes,"January 5, 2026 12:12 PM",,Jan 5 2:56 PM (EST),Fields,,,,Cut%20File%20Log/1.5.26_UnFin_1.html,,Jan 5 2:42 PM (EST)
1.5.26 Fields 1_2Medex_Sheet 2_1-2-Profile 1,Yes,"January 5, 2026 12:41 PM",,Jan 6 8:59 AM (EST),Fields,,,,,,
1.5.26_3_4Medex01_1-Profile 1,Yes,"January 6, 2026 1:39 PM",,Jan 6 3:03 PM (EST),,,,,Cut%20File%20Log/1.5.26_3_4Medex01.html,,
1.5.26_3_4Medex02_2-5-Shaker Pocket [Clear 1],Yes,"January 6, 2026 1:39 PM",,Jan 12 4:15 PM (EST),Sankaty,,,,Cut%20File%20Log/1.5.26_3_4Medex02.html,,Jan 7 11:39 AM (EST)
1.13.26_1_2RiftWO 5_5-Profile 3,Yes,"January 7, 2026 2:16 PM",,Jan 13 12:54 PM (EST),Sankaty,,,,Cut%20File%20Log/1.13.26_1_2RiftWO_5.html,,
1.13.26_1_2RiftWO 4_4-Profile 3,Yes,"January 7, 2026 2:16 PM",,Jan 13 1:05 PM (EST),Sankaty,,,,Cut%20File%20Log/1.13.26_1_2RiftWO_4.html,,Jan 13 12:54 PM (EST)
1.13.26_1_2RiftWO 3_3-Profile 3,Yes,"January 7, 2026 2:16 PM",,Jan 13 12:54 PM (EST),Sankaty,,,,Cut%20File%20Log/1.13.26_1_2RiftWO_3.html,,Jan 13 10:13 AM (EST)
1.13.26_1_2RiftWO 1_1-Profile 3,Yes,"January 7, 2026 2:16 PM",,Jan 13 9:56 AM (EST),Sankaty,,,,Cut%20File%20Log/1.13.26_1_2RiftWO_1.html,,Jan 13 9:33 AM (EST)
1.13.26_1_2RiftWO 2_2-Profile 3,Yes,"January 7, 2026 2:16 PM",,Jan 13 10:13 AM (EST),Sankaty,,,,Cut%20File%20Log/1.13.26_1_2RiftWO_2.html,,Jan 13 9:56 AM (EST)
1.7.26_3_4RiftWO 4_4-Profile 3,Yes,"January 7, 2026 2:16 PM",,Jan 13 9:32 AM (EST),Sankaty,,,,Cut%20File%20Log/1.7.26_3_4RiftWO_4.html,,Jan 13 9:17 AM (EST)
1.7.26_3_4RiftWO 3_3-Profile 3,Yes,"January 7, 2026 2:16 PM",,Jan 13 9:17 AM (EST),Sankaty,,,,Cut%20File%20Log/1.7.26_3_4RiftWO_3.html,,Jan 13 8:37 AM (EST)
1.7.26_3_4RiftWO 2_2-Profile 3,Yes,"January 7, 2026 2:16 PM",,Jan 13 7:11 AM (EST),Sankaty,,,,Cut%20File%20Log/1.7.26_3_4RiftWO_2.html,,Jan 12 4:17 PM (EST)
1.7.26_3_4RiftWO 1_1-Profile 3,Yes,"January 7, 2026 2:16 PM",,Jan 12 4:16 PM (EST),Sankaty,,,,Cut%20File%20Log/1.7.26_3_4RiftWO_1.html,,Jan 12 3:48 PM (EST)
1.13.26 1Medex_1-4-Pocket 2 [Clear 1],Yes,"January 13, 2026 12:44 PM",,,Austin farm,,,,Cut%20File%20Log/1.13.26_1Medex.html,,
1.13.26_PreFin01_1-Profile 3,Yes,"January 13, 2026 12:45 PM",,,Austin farm,,,,Cut%20File%20Log/1.13.26_PreFin01.html,,Jan 13 1:11 PM (EST)
1.13.26_PreFin02_2-3-Slide Holes,Yes,"January 13, 2026 12:45 PM",,,Austin farm,,,,Cut%20File%20Log/1.13.26_PreFin02.html,,
1.14.26 1_2RiftWO_01_Sank22_1-2-Profile 1,Yes,"January 14, 2026 1:09 PM",,Jan 14 2:39 PM (EST),Sankaty,,,,Cut%20File%20Log/1.14.26_1-2RiftWO.html,,
1.14.26 3_4RiftWO_01_Sank22_1-Profile 1,Yes,"January 14, 2026 1:09 PM",,Jan 15 8:40 AM (EST),Sankaty,,,,Cut%20File%20Log/1.14.26_3_4RiftWO.html,,Jan 15 8:40 AM (EST)
1.19.26 BACK_1Medex01_1-3-Drill 1,Yes,"January 19, 2026 11:36 AM",,Jan 19 1:41 PM (EST),Warrens Landing,,,,,,Jan 19 1:41 PM (EST)
1.19.26 BACK_1Medex02_4-6-Drill 1,Yes,"January 19, 2026 11:36 AM",,Jan 20 9:55 AM (EST),Warrens Landing,,,,,,
1.19.26 FACE_1Medex01_1-4-Pocket 2 [Clear 1],Yes,"January 19, 2026 11:36 AM",,Jan 20 9:55 AM (EST),Warrens Landing,,,,Cut%20File%20Log/1.19.26_1Medex01_Top.html,,Jan 19 1:41 PM (EST)
1.19.26 FACE_1Medex02_5-8-Pocket 2 [Clear 1],Yes,"January 19, 2026 11:36 AM",,Jan 20 9:55 AM (EST),Warrens Landing,,,,Cut%20File%20Log/1.19.26_1Medex02_Top.html,,
1.20.26_UnFin 1_1-4-Slide Holes,Yes,"January 20, 2026 12:50 PM",,Jan 20 4:24 PM (EST),Warrens Landing,,,,,,
1.20.26_UnFin 2_5-6-Pin Pocket,Yes,"January 20, 2026 12:50 PM",,Jan 20 4:24 PM (EST),Warrens Landing,,,,,,
1.20.26_UnFin 3_7-8-Pin Pocket,Yes,"January 20, 2026 12:50 PM",,Jan 20 4:24 PM (EST),Warrens Landing,,,,,,
1.20.26_UnFin 4_9-11-Slide Holes,Yes,"January 20, 2026 12:50 PM",,Jan 20 4:24 PM (EST),Warrens Landing,,,,,,
1.20.26_UnFin 6_15-18-Slide Holes,Yes,"January 20, 2026 12:50 PM",,Jan 20 4:24 PM (EST),Warrens Landing,,,,,,
1.20.26_UnFin 5_12-14-Slide Holes,Yes,"January 20, 2026 12:50 PM",,Jan 20 4:24 PM (EST),Warrens Landing,,,,,,
1.20.26_UnFin 7_19-22-Slide Holes,Yes,"January 20, 2026 12:50 PM",,Jan 20 4:24 PM (EST),Warrens Landing,,,,,,
1.20.26_UnFin 8_23-26-Slide Holes,Yes,"January 20, 2026 12:50 PM",,Jan 20 4:24 PM (EST),Warrens Landing,,,,,,
1.21.26_PreFin 01_1-Profile 3,Yes,"January 21, 2026 10:12 AM",,Jan 21 1:48 PM (EST),Warrens Landing,,,,Cut%20File%20Log/1.21.26_PreFin_01.html,,Jan 21 1:48 PM (EST)
1.21.26_PreFin 02_2-3-Pin Pocket,Yes,"January 21, 2026 10:12 AM",,Jan 21 2:03 PM (EST),Warrens Landing,,,,Cut%20File%20Log/1.21.26_PreFin_02.html,,Jan 21 1:48 PM (EST)
1.21.26_PreFin 03_4-5-Pin Pocket,Yes,"January 21, 2026 10:12 AM",,Jan 21 2:19 PM (EST),Warrens Landing,,,,Cut%20File%20Log/1.21.26_PreFin_03.html,,
1.21.26_PreFin 04_6-7-Pin Pocket,Yes,"January 21, 2026 10:12 AM",,Jan 21 2:36 PM (EST),Warrens Landing,,,,Cut%20File%20Log/1.21.26_PreFin_04.html,,Jan 21 2:03 PM (EST)
1.21.26_PreFin 05_8-10-Slide Holes,Yes,"January 21, 2026 10:12 AM",,Jan 21 3:26 PM (EST),Warrens Landing,,,,Cut%20File%20Log/1.21.26_PreFin_05.html,,
1.21.26_PreFin 06_11-12-Slide Holes,Yes,"January 21, 2026 10:12 AM",,Jan 21 3:26 PM (EST),Warrens Landing,,,,Cut%20File%20Log/1.21.26_PreFin_06.html,,
1.21.26_PreFin 08_14-17-Slide Holes,Yes,"January 21, 2026 10:12 AM",,Jan 21 3:59 PM (EST),Warrens Landing,,,,Cut%20File%20Log/1.21.26_PreFin_08.html,,
1.21.26_PreFin 07_13-Profile 3,Yes,"January 21, 2026 10:12 AM",,Jan 21 3:31 PM (EST),Warrens Landing,,,,Cut%20File%20Log/1.21.26_PreFin_07.html,,
1.21.26_PreFin 09_18-21-Slide Holes,Yes,"January 21, 2026 10:12 AM",,Jan 21 4:34 PM (EST),Warrens Landing,,,,Cut%20File%20Log/1.21.26_PreFin_09.html,,
1.21.26_PreFin 11_26-28-Slide Holes,Yes,"January 21, 2026 10:12 AM",,Jan 22 10:36 AM (EST),Warrens Landing,,,,Cut%20File%20Log/1.21.26_PreFin_11.html,,Jan 22 10:23 AM (EST)
1.21.26_PreFin 10_22-25-Slide Holes,Yes,"January 21, 2026 10:12 AM",,Jan 22 12:45 AM (EST),Warrens Landing,,,,Cut%20File%20Log/1.21.26_PreFin_10.html,,
1.21.26_PreFin 12_29-30-Slide Holes,Yes,"January 21, 2026 10:12 AM",,Jan 22 10:36 AM (EST),Warrens Landing,,,,Cut%20File%20Log/1.21.26_PreFin_12.html,,Jan 22 10:29 AM (EST)
1.21.26_PreFin 13_31-32-Slide Holes,Yes,"January 21, 2026 10:12 AM",,Jan 22 10:49 AM (EST),Warrens Landing,,,,Cut%20File%20Log/1.21.26_PreFin_13.html,,
1.21.26_PreFin 14_33-35-Slide Holes,Yes,"January 21, 2026 10:12 AM",,Jan 22 1:04 PM (EST),Warrens Landing,,,,Cut%20File%20Log/1.21.26_PreFin_14.html,,
1.21.26_PreFin 15_36-38-Slide Holes,Yes,"January 21, 2026 10:12 AM",,Jan 22 1:04 PM (EST),Warrens Landing,,,,Cut%20File%20Log/1.21.26_PreFin_15.html,,
1.21.26_PreFin 16_39-42-Slide Holes,Yes,"January 21, 2026 10:12 AM",,Jan 22 1:04 PM (EST),Warrens Landing,,,,Cut%20File%20Log/1.21.26_PreFin_16.html,,
1.21.26_PreFin 17_43-46-Slide Holes,Yes,"January 21, 2026 10:12 AM",,Jan 22 1:04 PM (EST),Warrens Landing,,,,Cut%20File%20Log/1.21.26_PreFin_17.html,,
1.21.26_PreFin 18_47-50-Slide Holes,Yes,"January 21, 2026 10:12 AM",,Jan 22 1:04 PM (EST),Warrens Landing,,,,Cut%20File%20Log/1.21.26_PreFin_18.html,,
1.21.26_PreFin 20_55-57-Slide Holes,Yes,"January 21, 2026 10:12 AM",,Jan 22 1:04 PM (EST),Warrens Landing,,,,Cut%20File%20Log/1.21.26_PreFin_20.html,,
1.21.26_PreFin 19_51-54-Slide Holes,Yes,"January 21, 2026 10:12 AM",,Jan 22 1:04 PM (EST),Warrens Landing,,,,Cut%20File%20Log/1.21.26_PreFin_19.html,,
1.22.26 Pol_PreFin02_4-6-Shelf Pins,Yes,"January 22, 2026 7:09 AM",,Jan 27 1:09 PM (EST),"Polpis, URGENT",,,,Cut%20File%20Log/1.22.26_Pol_PreFin02.html,,
1.22.26 Pol_PreFin01_1-3-Slide Holes,Yes,"January 22, 2026 7:11 AM",,Jan 22 5:46 PM (EST),"Polpis, URGENT",,,,Cut%20File%20Log/1.22.26_Pol_PreFin01.html,,Jan 22 5:46 PM (EST)
1.22.26 Pol_FACE_1Medex01_1-4-Pocket 2 [Clear 1],Yes,"January 22, 2026 7:59 AM",,Jan 28 6:12 PM (EST),"Polpis, URGENT",,,,Cut%20File%20Log/1.22.26_Pol_CO_1MedexTop.html,,
1.22.26 Pol_BACK_1Medex01,Yes,"January 22, 2026 7:59 AM",,Jan 28 6:12 PM (EST),"Polpis, URGENT",,,,,,
1.22.26 Pol_3-4Medex_1-5-Shaker Pocket [Clear 1],Yes,"January 22, 2026 7:59 AM",,Jan 28 6:12 PM (EST),"Polpis, URGENT",,,,Cut%20File%20Log/1.22.26_Pol_3-4Medex.html,,Jan 28 2:09 PM (EST)
1.27.26_PreFin_Fix01_1-3-Slide Holes,Yes,"January 27, 2026 12:13 PM",,Jan 27 1:09 PM (EST),,,,,Cut%20File%20Log/1.27.26_PreFin_Fix01.html,,
1.27.26_PreFin_Fix02_4-6-Slide Holes,Yes,"January 27, 2026 12:13 PM",,Jan 27 1:09 PM (EST),,,,,Cut%20File%20Log/1.27.26_PreFin_Fix02.html,,
1.28.26 Phs2_PreFin 01_1-2-Pin Pocket,Yes,"January 28, 2026 8:22 AM",,Jan 29 2:15 PM (EST),Warrens Landing,,,,Cut%20File%20Log/1.28.26_Phs2_PreFin_01.html,,
1.28.26 Phs2_PreFin 02_3-Profile 3,Yes,"January 28, 2026 8:22 AM",,Jan 30 12:17 PM (EST),Warrens Landing,,,,Cut%20File%20Log/1.28.26_Phs2_PreFin_02.html,,Jan 30 12:17 PM (EST)
1.28.26 Phs2_PreFin 04_5-7-Slide Holes,Yes,"January 28, 2026 8:22 AM",,Jan 30 1:52 PM (EST),Warrens Landing,,,,Cut%20File%20Log/1.28.26_Phs2_PreFin_04.html,,Jan 30 12:36 PM (EST)
1.28.26 Phs2_PreFin 03_4-Profile 3,Yes,"January 28, 2026 8:22 AM",,Jan 30 12:36 PM (EST),Warrens Landing,,,,Cut%20File%20Log/1.28.26_Phs2_PreFin_03.html,,Jan 30 12:36 PM (EST)
1.28.26 Phs2_PreFin 05_8-10-Slide Holes,Yes,"January 28, 2026 8:22 AM",,Jan 30 1:52 PM (EST),Warrens Landing,,,,Cut%20File%20Log/1.28.26_Phs2_PreFin_05.html,,Jan 30 1:52 PM (EST)
1.28.26 Phs2_PreFin 06_11-13-Slide Holes,Yes,"January 28, 2026 8:22 AM",,Jan 30 1:52 PM (EST),Warrens Landing,,,,Cut%20File%20Log/1.28.26_Phs2_PreFin_06.html,,Jan 30 1:52 PM (EST)
1.28.26 Phs2_PreFin 07_14-16-Slide Holes,Yes,"January 28, 2026 8:22 AM",,Jan 30 4:06 PM (EST),Warrens Landing,,,,Cut%20File%20Log/1.28.26_Phs2_PreFin_07.html,,Jan 30 1:52 PM (EST)
1.28.26 Phs2_PreFin 08_17-18-Pin Pocket,Yes,"January 28, 2026 8:22 AM",,Jan 30 4:06 PM (EST),Warrens Landing,,,,Cut%20File%20Log/1.28.26_Phs2_PreFin_08.html,,
1.28.26 Phs2_PreFin 09_19-22-Slide Holes,Yes,"January 28, 2026 8:22 AM",,Jan 30 4:06 PM (EST),Warrens Landing,,,,Cut%20File%20Log/1.28.26_Phs2_PreFin_09.html,,
1.28.26 Phs2_PreFin 10_23-24-Shelf Pins,Yes,"January 28, 2026 8:22 AM",,Jan 30 4:07 PM (EST),Warrens Landing,,,,Cut%20File%20Log/1.28.26_Phs2_PreFin_10.html,,
1.28.26 Phs2_PreFin 11_25-27-Slide Holes,Yes,"January 28, 2026 8:22 AM",,Jan 30 4:07 PM (EST),Warrens Landing,,,,Cut%20File%20Log/1.28.26_Phs2_PreFin_11.html,,
1.28.26 Phs2_PreFin 12_28-30-Slide Holes,Yes,"January 28, 2026 8:22 AM",,Jan 30 4:07 PM (EST),Warrens Landing,,,,Cut%20File%20Log/1.28.26_Phs2_PreFin_12.html,,
1.28.26 Phs2_PreFin 14_34-37-Slide Holes,No,"January 28, 2026 8:22 AM",,,Warrens Landing,,,,Cut%20File%20Log/1.28.26_Phs2_PreFin_14.html,,
1.28.26 Phs2_PreFin 13_31-33-Slide Holes,No,"January 28, 2026 8:22 AM",,,Warrens Landing,,,,Cut%20File%20Log/1.28.26_Phs2_PreFin_13.html,,
1.28.26 Phs2_PreFin 15_38-41-Slide Holes,No,"January 28, 2026 8:22 AM",,,Warrens Landing,,,,Cut%20File%20Log/1.28.26_Phs2_PreFin_15.html,,
1.28.26 Phs2_UnFin 01_1-4-Slide Holes,Yes,"January 28, 2026 8:56 AM",,Jan 29 12:22 PM (EST),Warrens Landing,,,,Cut%20File%20Log/1.28.26_Phs2_UnFin_01.html,,Jan 29 10:57 AM (EST)
1.28.26 Phs2_UnFin 02_5-8-Slide Holes,Yes,"January 28, 2026 8:56 AM",,Jan 29 12:46 PM (EST),Warrens Landing,,,,Cut%20File%20Log/1.28.26_Phs2_UnFin_02.html,,
1.28.26 Phs2_UnFin 03_9-12-Slide Holes,Yes,"January 28, 2026 8:56 AM",,Jan 29 2:04 PM (EST),Warrens Landing,,,,Cut%20File%20Log/1.28.26_Phs2_UnFin_03.html,,
1.28.26 Phs2_UnFin 04_13-16-Slide Holes,Yes,"January 28, 2026 8:56 AM",,Jan 29 2:04 PM (EST),Warrens Landing,,,,Cut%20File%20Log/1.28.26_Phs2_UnFin_04.html,,
1.28.26 Phs2_UnFin 05_17-18-Pin Pocket,Yes,"January 28, 2026 8:56 AM",,Jan 29 2:04 PM (EST),Warrens Landing,,,,Cut%20File%20Log/1.28.26_Phs2_UnFin_05.html,,
1.28.26 Phs2_3_4Medex01_1-5-Pocket 1 [Clear 1],Yes,"January 28, 2026 9:13 AM",,Jan 29 10:57 AM (EST),Warrens Landing,,,,Cut%20File%20Log/1.28.26_Phs2_3_4Medex01.html,,Jan 29 9:10 AM (EST)
1.28.26 Phs2_3_4Medex02_6-10-Pocket 1 [Clear 1],Yes,"January 28, 2026 9:13 AM",,Jan 30 9:37 AM (EST),Warrens Landing,,,,Cut%20File%20Log/1.28.26_Phs2_3_4Medex02.html,,
1.28.26 Phs2_3_4Medex03_11-15-Pocket 1 [Clear 1],Yes,"January 28, 2026 9:13 AM",,Jan 30 11:48 AM (EST),Warrens Landing,,,,Cut%20File%20Log/1.28.26_Phs2_3_4Medex03.html,,Jan 30 11:48 AM (EST)
1.28.26 BACK_1Medex 02_1-3-Drill 1,Yes,"January 28, 2026 2:19 PM",,Jan 28 5:03 PM (EST),Warrens Landing,,,,,,
1.28.26 BACK_1Medex 03_4-6-Drill 1,Yes,"January 28, 2026 2:19 PM",,Jan 28 6:12 PM (EST),Warrens Landing,,,,,,
1.28.26 BACK_1Medex 04_7-9-Drill 1,No,"January 28, 2026 2:19 PM",,,Warrens Landing,Pending Material,,,,,
1.28.26 BACK_1Medex 05_10-12-Drill 1,No,"January 28, 2026 2:19 PM",,,Warrens Landing,Pending Material,,,,,
1.28.26 BACK_1Medex 06_13-15-Drill 1,No,"January 28, 2026 2:19 PM",,,Warrens Landing,Pending Material,,,,,
1.28.26 FACE_1Medex 02_2-5-Pocket 2 [Clear 1],Yes,"January 28, 2026 2:19 PM",,Jan 28 5:04 PM (EST),Warrens Landing,,,,Cut%20File%20Log/1.28.26_Phs2_1Medex_02_Top.html,,
1.28.26 FACE_01Medex 1_1-Profile 1,No,"January 28, 2026 2:19 PM",,,Warrens Landing,Pending Material,,,Cut%20File%20Log/1.28.26_Phs2_1Medex_1_Top.html,,
1.28.26 FACE_1Medex 03_6-9-Pocket 2 [Clear 1],Yes,"January 28, 2026 2:19 PM",,Jan 28 6:22 PM (EST),Warrens Landing,,,,Cut%20File%20Log/1.28.26_Phs2_1Medex_03_Top.html,,
1.28.26 FACE_1Medex 04_10-13-Pocket 2 [Clear 1],No,"January 28, 2026 2:19 PM",,,Warrens Landing,Pending Material,,,Cut%20File%20Log/1.28.26_Phs2_1Medex_04_Top.html,,
1.28.26 FACE_1Medex 05_14-17-Pocket 2 [Clear 1],No,"January 28, 2026 2:19 PM",,,Warrens Landing,Pending Material,,,Cut%20File%20Log/1.28.26_Phs2_1Medex_05_Top.html,,
1.28.26 FACE_1Medex 06_18-21-Pocket 2 [Clear 1],No,"January 28, 2026 2:19 PM",,,Warrens Landing,Pending Material,,,Cut%20File%20Log/1.28.26_Phs2_1Medex_06_Top.html,,