name,sku,description,category,unit_of_measure,cost_per_unit,selling_price,reorder_level,max_stock_level,quantity_on_hand,location_code,location_description,spec_abrasive_material,spec_accuracy_unit,spec_accuracy_value,spec_adhesive,spec_application,spec_application_method,spec_applications,spec_arbor,spec_attachment,spec_attachment_type,spec_backing,spec_backing_material,spec_base,spec_battery,spec_bin_capacity,spec_bit_type,spec_box_quantity,spec_bulk_counting_pieces_per_100_grams,spec_bulk_counting_recommended_scale_accuracy,spec_cabinet_opening_range_max,spec_cabinet_opening_range_min,spec_certifications,spec_coating_hardness,spec_coating_hardness_unit,spec_coating_hardness_value,spec_coating_type,spec_color,spec_compatibility,spec_compatibility_cabinet_type,spec_compatibility_door_thickness_max,spec_compatibility_door_thickness_min,spec_compatibility_door_thickness_unit,spec_compatible_materials,spec_compatible_tools,spec_consumable,spec_corrosion_resistance,spec_coverage,spec_coverage_unit,spec_coverage_value,spec_cup_diameter_unit,spec_cup_diameter_value,spec_cure_time_full_max,spec_cure_time_full_min,spec_cure_time_full_unit,spec_cure_time_initial_max,spec_cure_time_initial_min,spec_cure_time_initial_unit,spec_cutting_height,spec_cutting_height_unit,spec_cutting_height_value,spec_diameter_note,spec_diameter_unit,spec_diameter_value,spec_dimensions_bore_depth,spec_dimensions_bore_diameter,spec_dimensions_cup_depth,spec_dimensions_cup_diameter,spec_dimensions_diameter,spec_dimensions_height,spec_dimensions_length,spec_dimensions_unit,spec_dimensions_width,spec_display,spec_door_thickness,spec_drive_type,spec_durability,spec_durability_cycles,spec_fda_approved,spec_features,spec_feed_rate,spec_filtration,spec_finish,spec_flutes,spec_formaldehyde_content,spec_gauge,spec_grit,spec_head_type,spec_hole_pattern,spec_holes,spec_installation,spec_length_unit,spec_length_value,spec_load_capacity,spec_load_capacity_unit,spec_load_capacity_value,spec_material,spec_material_base,spec_material_finish,spec_measurement_type,spec_mechanism,spec_minimum_cabinet_opening,spec_mix_ratio_by,spec_mix_ratio_part_a,spec_mix_ratio_part_b,spec_mounting,spec_name,spec_notes,spec_opening_angle,spec_optimized_for,spec_orientation,spec_overall_length,spec_overall_length_unit,spec_overall_length_value,spec_overlay,spec_package,spec_package_quantity,spec_pieces_per_100g,spec_point_type,spec_precision,spec_product_number,spec_range_unit,spec_range_value,spec_reorder_url,spec_rpm_range_max,spec_rpm_range_min,spec_rust_preventive,spec_screw_size,spec_self_countersinking,spec_shank_diameter_unit,spec_shank_diameter_value,spec_sharpenable,spec_sizes,spec_soft_close_deactivatable,spec_soft_close_enabled,spec_soft_close_type,spec_species,spec_supplier,spec_surface_finish,spec_temperature_range_max,spec_temperature_range_min,spec_temperature_range_unit,spec_thickness_unit,spec_thickness_value,spec_thread_type,spec_tooth_count,spec_trash_capacity,spec_trash_capacity_unit,spec_tray_size,spec_type,spec_unit_weight_grams,spec_unit_weight_unit,spec_unit_weight_value,spec_verification_needed,spec_viscosity,spec_voc_content,spec_voc_content_unit,spec_voc_content_value,spec_voc_level,spec_water_resistant,spec_weight_capacity_per_bin,spec_weight_capacity_unit,spec_wet_dry,spec_width_metric_unit,spec_width_metric_value,spec_width_unit,spec_width_value,spec_working_time_max,spec_working_time_min,spec_working_time_temperature,spec_working_time_unit
West Systems Epoxy,TCS-ADH-EPOXY-01,West Systems Epoxy,Adhesives,kit,0.0,0,1,2,0,WALL_BIN_G4,Wall Bin G4,,,,,,,,,,,,,,,,,,,,,,,,,,,,,,,,,,,,,None,,,,,4,1,days,15,10,hours,,,,,,,,,,,,,,,,,,,,,False,,,,,,,,,,,,,,,,,,,,,,,,volume,5,1,,West Systems Epoxy,,,,,,,,,,,,,,105/206,,,,,,,,,,,,,,,,,West System,,None,60,fahrenheit,,,,,,,,Two-part epoxy resin,,,,,,,very low,0,,True,,,,,,,,25,20,72,minutes
Titebond II Premium Wood Glue,TCS-ADH-GLUE-01,"Titebond II Premium Wood Glue - Product #150050009, Water-resistant, FDA approved for indirect food contact, Order #NZ49156",Adhesives,bottle,18.5,24.05,2,4,0,WALL_BIN_G2,Wall Bin G2,,,,,,,,,,,,,,,,,,,,,,,,,,,,,,,,,,,,,None,,,,,24,24,hours,None,None,None,,,,,,,,,,,,,,,,,,,,,True,,,,,,,,,,,,,,,,,,,,,,,,single component,1,0,,Titebond II Premium Wood Glue,,,,,,,,,,,,,,150050009,,,https://www.richelieu.com/us/en/search?text=150050009,,,,,,,,,,,,,,Richelieu,,None,55,fahrenheit,,,,,,,,Cross-linking polyvinyl acetate,,,,,,,g/L,5.5,,True,,,,,,,,5,3,70,minutes
Titebond Speed Set Wood Glue - 4366,TCS-ADH-GLUE-02,"Titebond Speed Set Wood Glue - 4366 - Product #150043609, Fast-setting, reaches 60% strength in 20 minutes, Order #NZ49156",Adhesives,bottle,22.0,28.6,2,4,1,WALL_BIN_G3,Wall Bin G3,,,,,,,,,,,,,,,,,,,,,,,,,,,,,,,,,,,,,,sq ft/gallon,250,,,24,24,hours,15,15,minutes,,,,,,,,,,,,,,,,,,,,,False,,,,,,,,,,,,,,,,,,,,,,,,single component,1,0,,Titebond Speed Set Wood Glue - 4366,,,,,,,,,,,,,,150043609,,,https://www.richelieu.com/us/en/search?text=150043609,,,,,,,,,,,,,,Richelieu,,None,59,fahrenheit,,,,,,,,High solids PVA adhesive,,,,,,None,,,,False,,,,,,,,4,2,70,minutes
Jowatherm 280.3 Unfilled Granular Hot Melt Adhesive,TCS-ADH-PELLET-01,"Jowatherm 280.3 Unfilled Granular Hot Melt Adhesive - Product #JW2803044, Unfilled granular EVA adhesive for automatic edge banding machines, Order #N311146",Adhesives,bag,65.0,84.5,1,3,0,EDGE_BANDING_AREA,Edge Banding Area,,,,,,,,,,,,,,,,,,,,,,,,,,,,,,,,,,,,,None,,,,,1,1,minutes,2,1,seconds,,,,,,,,,,,,,,,,,,,,,False,,,,,,,,,,,,,,,,,,,,,,,,single component,1,0,,Jowatherm 280.3 Unfilled Granular Hot Melt Adhesive,,,,,,,,,,,,,,JW2803044,,,https://www.richelieu.com/us/en/search?text=JW2803044,,,,,,,,,,,,,,Richelieu,,200,180,celsius,,,,,,,,EVA hot melt adhesive,,,,,,,none,0,,True,,,,,,,,None,None,180,None
12 inch Chop Saw Blades,TCS-BLADE-SAW-02,12 inch Chop Saw Blades - Added during inventory research - not in original inventory. Can be sharpened,Blades,each,0.0,0,1,2,0,BLADE_STORAGE,Blade Storage,,,,,"Crosscutting, Mitering",,,Standard,,,,,,,,,,,,,,,,,,,,,,,,,,,,,,,,,,,,,,,,,,,,inches,12,,,,,,,,,,,,,,,,,,,,,,,,,,,,,,,,,Carbide tipped,,,,,,,,,,,,,,,,,,,,,,,,,,,,,,,,,,,True,,,,,,,,,,,,,,Variable,,,,,,,,,,,,,,,,,,,,,,,,,
10 inch Table Saw Blades,TCS-BLADE-SAW-03,10 inch Table Saw Blades - Added during inventory research - not in original inventory. Can be sharpened,Blades,each,0.0,0,1,2,0,BLADE_STORAGE,Blade Storage,,,,,"Ripping, Crosscutting",,,5/8 inch,,,,,,,,,,,,,,,,,,,,,,,,,,,,,,,,,,,,,,,,,,,,inches,10,,,,,,,,,,,,,,,,,,,,,,,,,,,,,,,,,Carbide tipped,,,,,,,,,,,,,,,,,,,,,,,,,,,,,,,,,,,True,,,,,,,,,,,,,,Variable,,,,,,,,,,,,,,,,,,,,,,,,,
Amana Tool CNC Router Bit,TCS-CNC-BIT-01,"Amana Tool CNC Router Bit - Part #46704-K, 3 Inch Long 2 Flute",CNC,each,84.46,109.798,1,2,0,CNC_CABINET,CNC Cabinet,,,,,,,,,,,,,,,,,,,,,,,,Vickers,4500,nACo nanocomposite,,,,,,,"Melamine, Laminate, MDF, Plywood",,,,,,,,,,,,,,,,inches,0.8125,,inches,0.125,,,,,,,,,,,,,,,,,None,,,2,,,,,,,,,,,,,Solid carbide,,,,,,,,,,Amana Tool CNC Router Bit,,,,,,inches,2.5,,,,,,,46180-K,,,https://www.amanatool.com/46180-k-spektra-solid-carbide-compression-spiral-3-8-dia-x-1-1-4-inch-x-3-8-shank.html,None,None,,,,inches,0.125,,,,,,,Amana Tool,,,,,,,,,,,,,,,,,,,,,,,,,,,,,,,,,
"Amana Tool CNC Router Bit (3/8"" Compression)",TCS-CNC-BIT-02,"Amana Tool CNC Router Bit (3/8"" Compression) - Part #46055-K, 2-½ Inch Long 3 Flute",CNC,each,61.4,79.82000000000001,1,2,0,CNC_CABINET,CNC Cabinet,,,,,,,,,,,,,,,,compression,,,,,,,,Vickers,4500,nACo nanocomposite,,,,,,,"Birch plywood, Laminate, MDF, Double-sided melamine",,,,,,,,,,,,,,,,inches,1.25,,inches,0.375,,,,,,,,,,,,,,,,,None,,,2,,,,,,,,,,,,,Solid carbide,,,,,,,,,,"Amana Tool CNC Router Bit (3/8"" Compression)",,,Birch plywood,,,inches,3,,,,,,,46704-K,,,https://www.amanatool.com/46704-k-spektra-solid-carbide-compression-spiral-3-8-dia-x-1-1-4-inch-x-3-8-shank.html,None,None,,,,inches,0.375,,,,,,,Amana Tool,,,,,,,,,,,,,,,,,,,,,,,,,,,,,,,,,
"Amana Tool CNC Router Bit (3/8"" Down-cut)",TCS-CNC-BIT-03,"Amana Tool CNC Router Bit (3/8"" Down-cut)",CNC,each,0.0,0,1,2,0,CNC_CABINET,CNC Cabinet,,,,,,,,,,,,,,,,down-cut,,,,,,,,Vickers,4500,nACo nanocomposite,,,,,,,"Laminate, Melamine, MDF, Veneered plywood, Wood",,,,,,,,,,,,,,,,inches,1,,inches,0.375,,,,,,,,,,,,,,,,,None,,,3,,,,,,,,,,,,,Solid carbide,,,,,,,,,,"Amana Tool CNC Router Bit (3/8"" Down-cut)",,,,,,inches,2.5,,,,,,,46055-K,,,https://www.amanatool.com/46055-k-spektra-solid-carbide-down-cut-spiral-3-8-dia-x-1-inch-x-3-8-shank.html,None,None,,,,inches,0.375,,,,,,,Amana Tool,smooth top edge,,,,,,,,,,,,,,,,,,,,,,,,,,,,,,,,
Amana Tool CNC Router Bit (VERIFY SPECS - May be discontinued/renamed),TCS-CNC-BIT-04,"Amana Tool CNC Router Bit (VERIFY SPECS - May be discontinued/renamed) - Part #46125-K, 2-1/2 Inch Long Up-Cut",CNC,each,43.78,56.914,1,2,0,CNC_CABINET,CNC Cabinet,,,,,,,,,,,,,,,,compression (presumed),,,,,,,None,,,nACo nanocomposite (presumed),,,,,,,None,,,,,,,,,,,,,,,,inches,None,"Conflicting info: 1/2"" vs 3/8"" - needs verification",inches,None,,,,,,,,,,,,,,,,,None,,,None,,,,,,,,,,,,,Solid carbide,,,,,,,,,,Amana Tool CNC Router Bit (VERIFY SPECS - May be discontinued/renamed),"Part number may be discontinued or renamed, Similar to 46162-K which became 46172-K, Need to verify current part number with Richelieu, Conflicting diameter specifications found (1/2"" vs 3/4"")",,,,,inches,None,,,,,,,46168-K,,,https://www.amanatool.com/46125-k-spektra-solid-carbide-up-cut-spiral-1-8-dia-x-13-16-inch-x-1-4-shank.html,None,None,,,,inches,None,,,,,,,Amana Tool,None,,,,,,,,,,,,,,,True,,,,,,,,,,,,,,,,,
Amana Tool CNC Router Bit (Up-cut),TCS-CNC-BIT-05,Amana Tool CNC Router Bit (Up-cut),CNC,each,0.0,0,1,2,0,CNC_CABINET,CNC Cabinet,,,,,,,,,,,,,,,,compression,,,,,,,,Vickers,4500,nACo nanocomposite,,,,,,,"Wood, Plywood, MDF, Laminate",,,,,,,,,,,,,,,,inches,0.8125,,inches,0.125,,,,,,,,,,,,,,,,,None,,,2,,,,,,,,,,,,,Solid carbide,,,,,,,,,,Amana Tool CNC Router Bit (Up-cut),,,,,,inches,2.5,,,,,,,46180-K,,,,None,None,,,,inches,0.125,,,,,,,Amana Tool,clean finish on both surfaces,,,,,,,,,,,,,,,,,,,,,,,,,,,,,,,,
Amana Tool CNC Router Bit (Spiral),TCS-CNC-BIT-06,"Amana Tool CNC Router Bit (Spiral) - Part #46179-K, 3-1/2 Inch Long 2 Flute",CNC,each,102.69,133.497,1,2,0,CNC_CABINET,CNC Cabinet,,,,,,,,,,,,,,,,spiral plunge,,,,,,,,Vickers,4500,nACo nanocomposite,,,,,,,"Wood, Plywood, Laminate",,,,,,,,,,,,,,,,inches,None,,inches,None,,,,,,,,,,,,,,,,,None,,,2,,,,,,,,,,,,,Solid carbide,,,,,,,,,,Amana Tool CNC Router Bit (Spiral),,,,,,inches,None,,,,,,,46162-K,,,https://www.amanatool.com/46179-k-spektra-solid-carbide-compression-spiral-3-8-dia-x-1-5-8-inch-x-3-8-shank.html,None,None,,,,inches,None,,,,,,,Amana Tool,smooth cut,,,,,,,,,,,,,,,,,,,,,,,,,,,,,,,,
Unfinished Auto Tape Edge Banding (Unfinished),TCS-EDGE-UNF-03,Unfinished Auto Tape Edge Banding (Unfinished),Edge Banding,each,0.0,0,1,3,0,MAIN,,,,,None - for automatic edge banders,Automatic edge banding machines,,,,,,,,,,,,,,,,,,,,,,,,,,,,,,,,,,,,,,,,,,,,,,,,,,,,,,,,,,,,,,,,,,,Unfinished,,,,,,,,,,,,,,Wood veneer,,,,,,,,,,,,,,,,,,,,,,,,,,,,,,,,,,,,,,,,,,,,,,,,,,,,,Automatic edge bander tape,,,,,,,,,,,,,,,,,,,,,
Edgebanding - Maple (250 ft),TCS-EDGE-WOOD-01,"Edgebanding - Maple (250 ft) - Product #1078250M5, Pre-glued 7/8"" width (22mm) maple veneer, Order #N690619",Edge Banding,roll,58.0,75.4,1,2,0,EDGE_BANDING_AREA,Edge Banding Area,,,,Thermo fusible,,Iron-on,,,,,,,,,,,,,,,,GREENGUARD,,,,,,,,,,,,,,,,,,,,,,,,,,,,,,,,,,,,,,,,,,,,,,,,,,,,< 0.5 mg/m³,,,,,,,feet,250,,,,,,,,,,,,,,,,,,,,,,,,,,,,1078250M5,,,https://www.richelieu.com/us/en/search?text=1078250M5,,,,,,,,,,,,,Maple,,,,,,inches,0.026,,,,,,Pre-glued veneer,,,,,,,,,Low,,,,,,,inches,0.875,,,,
"Pre-glued 7/8"" width (22mm) maple veneer (Finished)",TCS-EDGE-WOOD-02,"Pre-glued 7/8"" width (22mm) maple veneer (Finished) - Product #1078500, Pre-glued 7/8"" width (22mm) maple veneer, Order #N311146",Edge Banding,roll,95.0,123.5,1,2,0,EDGE_BANDING_AREA,Edge Banding Area,,,,Thermo fusible,,Iron-on,,,,,,,,,,,,,,,,GREENGUARD,,,,,,,,,,,,,,,,,,,,,,,,,,,,,,,,,,,,,,,,,,,,,,,,,,Pre-finished,,< 0.5 mg/m³,,,,,,,,,,,,,,,,,,,,,,,,,,,,,,,,,,,,1078500,,,https://www.richelieu.com/us/en/search?text=1078500,,,,,,,,,,,,,Maple,,,,,,inches,0.026,,,,,,Pre-glued veneer,,,,,,,,,,,,,,mm,22,inches,0.875,,,,
"Plain Wood Screw, Flat Head With Nibs (1-1/2"" #6)",TCS-FAST-KREG-03,"Plain Wood Screw, Flat Head With Nibs (1-1/2"" #6) - Product #FQ2CN17P6112PR, Flat head with nibs, Quadrex drive, Coarse thread, Type 17 point, Box of 7000, Order #HF3001A",Fasteners,box,85.0,110.5,1,2,0,WALL_BIN_C3,Wall Bin C3,,,,,,,,,,,,,,,,,7000,31,0.1 grams,,,,,,,,,,,,,,,,,,,,,,,,,,,,,,,,,,,,,,,,,,,,,,Quadrex,,,,,,,Plain,,,,,Flat head with nibs,,,,inches,1.5,,,,Steel,,,,,,,,,,,,,,,,,,,,,31,Type 17,,FQ2CN17P6112PR,,,https://www.richelieu.com/us/en/search?text=FQ2CN17P6112PR,,,,6,True,,,,,,,,,,,,,,,,Coarse,,,,,,3.2,grams,3.2,,,,,,,,,,,,,,,,,,
"Black Phosphate Wood Screw (1-1/2"" #8)",TCS-FAST-KREG-04,"Black Phosphate Wood Screw (1-1/2"" #8) - Product #FSCN17BP8112PR, Black phosphate finish, Flat head with nibs, Square drive, Coarse thread, Type 17 point, Box of 7000, Order #NZ49155",Fasteners,box,85.0,110.5,1,2,1,WALL_BIN_C4,Wall Bin C4,,,,,,,,,,,,,,,,,7000,22,0.1 grams,,,,,,,,,,,,,,,,,Enhanced,,,,,,,,,,,,,,,,,,,,,,,,,,,,,Square,,,,,,,Black phosphate,,,,,Flat head with nibs,,,,inches,1.5,,,,Steel,,,,,,,,,,,,,,,,,,,,,22,Type 17,,FSCN17BP8112PR,,,https://www.richelieu.com/us/en/search?text=FSCN17BP8112PR,,,,8,True,,,,,,,,,,,,,,,,Coarse,,,,,,4.5,grams,4.5,,,,,,,,,,,,,,,,,,
"RELIABLE Galvanized Brad Nails - 18 Gauge (1-1/4"")",TCS-FAST-NAIL-01,"RELIABLE Galvanized Brad Nails - 18 Gauge (1-1/4"") - Product #91291114, 18 gauge brad nails, galvanized finish, Box of 5000, Order #N127002",Fasteners,box,42.0,54.6,1,2,2,WALL_BIN_E1,Wall Bin E1,,,,,,,,,,,,,,,,,5000,125,0.1 grams,,,,,,,,,18 gauge nailers,,,,,,,,,,,,,,,,,,,,,,,,,,,,,,,,,,,,,,,,,,,,Galvanized,,,18,,Brad,,,,inches,1.25,,,,Steel,,,,,,,,,,,,,,,,,,,,,125,,,91291114,,,https://www.richelieu.com/us/en/search?text=91291114,,,,,,,,,,,,,,,,,,,,,,,,,,,0.8,grams,0.8,,,,,,,,,,,,,,,,,,
"RELIABLE Galvanized Brad Nails - 18 Gauge (1"")",TCS-FAST-NAIL-02,"RELIABLE Galvanized Brad Nails - 18 Gauge (1"") - Product #912910100, 18 gauge brad nails, galvanized finish, Box of 5000, Order #N127001",Fasteners,box,38.0,49.4,1,2,0,WALL_BIN_E2,Wall Bin E2,,,,,,,,,,,,,,,,,5000,167,0.1 grams,,,,,,,,,18 gauge nailers,,,,,,,,,,,,,,,,,,,,,,,,,,,,,,,,,,,,,,,,,,,,Galvanized,,,18,,Brad,,,,inches,1.0,,,,Steel,,,,,,,,,,,,,,,,,,,,,167,,,912910100,,,https://www.richelieu.com/us/en/search?text=912910100,,,,,,,,,,,,,,,,,,,,,,,,,,,0.6,grams,0.6,,,,,,,,,,,,,,,,,,
"Headless Pin 23 Gauge (1-3/8"")",TCS-FAST-NAIL-03,"Headless Pin 23 Gauge (1-3/8"") - Product #NAI23GS18PR, 23 gauge headless pin nails, Box of 10000, Order #N127002",Fasteners,box,65.0,84.5,1,2,0,WALL_BIN_E3,Wall Bin E3,,,,,,,,,,,,,,,,,10000,250,0.1 grams,,,,,,,,,23 gauge nailers,,,,,,,,,,,,,,,,,,,,,,,,,,,,,,,,,,,,,,,,,,,,Galvanized,,,23,,Headless pin,,,,inches,1.375,,,,Steel,,,,,,,,,,,,,,,,,,,,,250,,,NAI23GS18PR,,,https://www.richelieu.com/us/en/search?text=NAI23GS18PR,,,,,,,,,,,,,,,,,,,,,,,,,,,0.4,grams,0.4,,,,,,,,,,,,,,,,,,
"RELIABLE Galvanized Brad Nails - 18 Gauge (2"")",TCS-FAST-NAIL-04,"RELIABLE Galvanized Brad Nails - 18 Gauge (2"") - Product #91291200, 18 gauge brad nails, galvanized finish, Box of 5000, Order #N127001",Fasteners,box,46.0,59.800000000000004,1,2,0,WALL_BIN_E4,Wall Bin E4,,,,,,,,,,,,,,,,,5000,83,0.1 grams,,,,,,,,,18 gauge nailers,,,,,,,,,,,,,,,,,,,,,,,,,,,,,,,,,,,,,,,,,,,,Galvanized,,,18,,Brad,,,,inches,2.0,,,,Steel,,,,,,,,,,,,,,,,,,,,,83,,,91291200,,,https://www.richelieu.com/us/en/search?text=91291200,,,,,,,,,,,,,,,,,,,,,,,,,,,1.2,grams,1.2,,,,,,,,,,,,,,,,,,
"Plain Wood Screw, Flat Head, Quadrex Drive (2"" #8)",TCS-FAST-SCREW-01,"Plain Wood Screw, Flat Head, Quadrex Drive (2"" #8) - Product #FQCPX8112PR, Flat head with Quadrex drive, Coarse thread, Box of 7000, Order #N706533",Fasteners,box,85.0,110.5,1,2,1,WALL_BIN_D1,Wall Bin D1,,,,,,,,,,,,,,,,,7000,19,0.1 grams,,,,,,,,,,,,,,,,,,,,,,,,,,,,,,,,,,,,,,,,,,,,,,Quadrex,,,,,,,Plain,,,,,Flat head,,,,inches,2.0,,,,Steel,,,,,,,,,,,,,,,,,,,,,19,Regular wood point,,FQCPX8112PR,,,https://www.richelieu.com/us/en/search?text=FQCPX8112PR,,,,8,,,,,,,,,,,,,,,,,Coarse,,,,,,5.2,grams,5.2,,,,,,,,,,,,,,,,,,
"Plain Wood Screw, Flat Head, Quadrex Drive (3"" #8)",TCS-FAST-SCREW-02,"Plain Wood Screw, Flat Head, Quadrex Drive (3"" #8) - Product #FQCPX83PR, Flat head with Quadrex drive, Coarse thread, Box of 2000, Order #N706533",Fasteners,box,65.0,84.5,1,2,0,WALL_BIN_D2,Wall Bin D2,,,,,,,,,,,,,,,,,2000,13,0.1 grams,,,,,,,,,,,,,,,,,,,,,,,,,,,,,,,,,,,,,,,,,,,,,,Quadrex,,,,,,,Plain,,,,,Flat head,,,,inches,3.0,,,,Steel,,,,,,,,,,,,,,,,,,,,,13,Regular wood point,,FQCPX83PR,,,https://www.richelieu.com/us/en/search?text=FQCPX83PR,,,,8,,,,,,,,,,,,,,,,,Coarse,,,,,,7.8,grams,7.8,,,,,,,,,,,,,,,,,,
"Plain Wood Screw, Flat Head, Quadrex Drive (1-1/4"" #6)",TCS-FAST-SCREW-03,"Plain Wood Screw, Flat Head, Quadrex Drive (1-1/4"" #6) - Product #FQC2PX6114PR, Flat head with Quadrex drive, Coarse thread, Box of 8000, Order #N706534",Fasteners,box,90.0,117.0,1,2,0,WALL_BIN_D3,Wall Bin D3,,,,,,,,,,,,,,,,,8000,40,0.1 grams,,,,,,,,,,,,,,,,,,,,,,,,,,,,,,,,,,,,,,,,,,,,,,Quadrex,,,,,,,Plain,,,,,Flat head,,,,inches,1.25,,,,Steel,,,,,,,,,,,,,,,,,,,,,40,Regular wood point,,FQC2PX6114PR,,,https://www.richelieu.com/us/en/search?text=FQC2PX6114PR,,,,6,,,,,,,,,,,,,,,,,Coarse,,,,,,2.5,grams,2.5,,,,,,,,,,,,,,,,,,
"Plain Wood Screw, Flat Head, Quadrex Drive (1-1/2"" #6)",TCS-FAST-SCREW-04,"Plain Wood Screw, Flat Head, Quadrex Drive (1-1/2"" #6) - Product #FQCP84PR, Flat head with Quadrex drive, Coarse thread, Box of 1200, Order #N706535",Fasteners,box,45.0,58.5,1,2,1,WALL_BIN_D4,Wall Bin D4,,,,,,,,,,,,,,,,,1200,31,0.1 grams,,,,,,,,,,,,,,,,,,,,,,,,,,,,,,,,,,,,,,,,,,,,,,Quadrex,,,,,,,Plain,,,,,Flat head,,,,inches,1.5,,,,Steel,,,,,,,,,,,,,,,,,,,,,31,Regular wood point,,FQCP84PR,,,https://www.richelieu.com/us/en/search?text=FQCP84PR,,,,6,,,,,,,,,,,,,,,,,Coarse,,,,,,3.2,grams,3.2,,,,,,,,,,,,,,,,,,
CLIP top BLUMOTION Hinge for Blind Corners,TCS-HW-HINGE-01,"CLIP top BLUMOTION Hinge for Blind Corners - Product #79B959180, 110° opening angle with integrated soft-close, Order #N706532 (38 units)",Hardware,each,8.25,10.725,10,40,0,WALL_BIN_A1,Wall Bin A1,,,,,,,,,,,,,,,,,,,,,,,,,,,,,frameless,28,16,mm,,,,,,,,,,,,,,,,,,,,,,,,13,35,,,,mm,,,,,,200000,,,,,,,,,,,,,,,,None,,,,Steel,Nickel plated,,,,,,,screw-on,CLIP top BLUMOTION Hinge for Blind Corners,,95,,,,,,,,,,,,79B959180,,,https://www.richelieu.com/us/en/category/hinges-slides-and-opening-systems/hinges-and-accessories/european-style-hinges/blum-hinges/clip-top-blumotion/clip-top-blumotion-hinge-for-blind-corners/1052069/sku-79B959180,,,,,,,,,,True,True,Integrated BLUMOTION,,Richelieu/Blum,,,,,,,,,,,,,85,grams,85,,,,,,,,,,,,,,,,,,
Blum 1/2 Overlay Hinges (Thick),TCS-HW-HINGE-02,"Blum 1/2 Overlay Hinges (Thick) - Product #71B969180, For doors up to 1-3/8"" thick, 110° opening angle, Order #N032778 (50 units, $389.79)",Hardware,each,7.8,10.14,20,50,250,WALL_BIN_A2,Wall Bin A2,,,,,,,,,,,,,,,,,,,,,,,,,,,,,frameless,30,16,mm,,,,,,,,,,,,,,,,,,,,,,,,13,35,,,,mm,,,,,,200000,,,,,,,,,,,,,,,,None,,,,Steel,Nickel,,,,,,,screw-on,Blum 1/2 Overlay Hinges (Thick),,95,,,,,,,,,,,,71B969180,,,https://www.richelieu.com/us/en/search?text=71B969180,,,,,,,,,,True,True,BLUMOTION,,Richelieu/Blum,,,,,,,,,,,,,82,grams,82,,,,,,,,,,,,,,,,,,
Blum Full Overlay Hinges (Thick),TCS-HW-HINGE-03,Blum Full Overlay Hinges (Thick) - ~75-100 per box,Hardware,box,0.0,0,20,40,38,WALL_BIN_A3,Wall Bin A3,,,,,,,,,,,,,,,,,,,,,,,,,,,,,frameless,32,24,mm,,,,,,,,,,,,,,,,,,,,,,,,13,35,,,,mm,,,,,,200000,,,,,,,,,,,,,,,,None,,,,Steel,Nickel,,,,,,,screw-on,Blum Full Overlay Hinges (Thick),,95,,,,,,,,,,,,71B9550,,,,,,,,,,,,,True,True,BLUMOTION,,Richelieu/Blum,,,,,,,,,,,,,80,grams,80,,,,,,,,,,,,,,,,,,
Blum Inset Overlay Hinges (Thick),TCS-HW-HINGE-04,Blum Inset Overlay Hinges (Thick),Hardware,,0.0,0,50,100,7,MAIN,,,,,,,,,,,,,,,,,,,,,,,,,,,,,,,,,,,,,,,,,mm,35,,,,,,,,,,,,,,,,,,,,,,,"thick doors up to 1-3/8""",,,,,,,,,,,,,,,,,,,,,,,Steel,Nickel plated,,,,,,,screw-on,,,110,,,,,,inset,,,,,,,,,,,,,,,,,,,,True,BLUMOTION compatible,,,,,,,,,,,,,,,82,grams,82,,,,,,,,,,,,,,,,,,
LeMans II System without Soft-Close Mechanism,TCS-HW-LEMANS-01,"LeMans II System without Soft-Close Mechanism - Product #6933140150, Corner cabinet pull-out system for blind corners, Order #N706532",Hardware,box,350.0,455.0,0,1,0,STORAGE_AREA,Storage Area,,,,,,,,,,,,,,,,,,,,21,17.75,,,,,,,,"frameless, face-frame",None,None,None,,,,,,,,,,,,,,,,,,,,,,,,,,,21.5,None,inches,None,,,,,None,,,,,,,,,,,,,,,,,lbs,55,,Steel/Melamine,Chrome/White,,,,,,,side-mount,LeMans II System without Soft-Close Mechanism,,85,,,,,,,,,,,,6933140150,,,https://www.richelieu.com/us/en/search?text=6933140150,,,,,,,,,,False,False,None,,Richelieu,,,,,,,,,,,18,,,,,,,,,,,,,,,,,,,,,,
Drawer Paddles (Left),TCS-HW-PADDLE-01,Drawer Paddles (Left),Hardware,each,0.0,0,24,48,10,WALL_BIN_B1,Wall Bin B1,,,,,,,,,,,,,,,,,,,,,,,,,,,Neutral,Drawer slide systems,,,,,,,,,,,,,,,,,,,,,,,,,,,,,,,,,,,,,,High-impact resistant,,,,,,,,,,,,,,Clip-on or screw-mount,,,,,,Plastic/Metal composite,,,,,,,,,,,,,,Left-hand,,,,,,,,,,,,,,,,,,,,,,,,,,,,,,,,,,,,,,,,45,grams,45,,,,,,,,,,,,,,,,,,
Drawer Paddles (Right),TCS-HW-PADDLE-02,Drawer Paddles (Right),Hardware,each,0.0,0,24,48,10,WALL_BIN_B2,Wall Bin B2,,,,,,,,,,,,,,,,,,,,,,,,,,,Neutral,Drawer slide systems,,,,,,,,,,,,,,,,,,,,,,,,,,,,,,,,,,,,,,High-impact resistant,,,,,,,,,,,,,,Clip-on or screw-mount,,,,,,Plastic/Metal composite,,,,,,,,,,,,,,Right-hand,,,,,,,,,,,,,,,,,,,,,,,,,,,,,,,,,,,,,,,,45,grams,45,,,,,,,,,,,,,,,,,,
Inserta Plates,TCS-HW-PLATE-01,Inserta Plates,Hardware,box,0.0,0,50,100,304,WALL_BIN_A4,Wall Bin A4,,,,,,,,,,,,,,,,,,,,,,,,,,,,,frameless,None,None,None,,,,,,,,,,,,,,,,,,,,,,11.5,5,,,,0,,mm,,,,,,None,,,,,,,,,,,,,,,,None,,,,Steel,Nickel plated,,,,,,,dowel,Inserta Plates,,None,,,,,,,,,,,,174E710180,,,https://www.richelieu.com/us/en/search?text=174E710180,,,,,,,,,,False,False,None,,Richelieu/Blum,,,,,,,,,,,,,12,grams,12,,,,,,,,,,,,,,,,,,
21 inch Drawer Slides,TCS-HW-SLIDE-01,21 inch Drawer Slides - Order +15% per job,Hardware,pair,0.0,0,6,12,0,DRAWER_SLIDE_AREA,Drawer Slide Area,,,,,,,,,,,,,,,,,,,,,,,,,,,,,"frameless, face-frame",None,None,None,,,,,,,,,,,,,,,,,,,,,,,,,,,None,533,mm,None,,,,,None,,,,,,,,,,,,,,,,,lbs,80,,Steel,Zinc,,,,,,,undermount,21 inch Drawer Slides,,None,,,,,,,,,,,,T815533,,,,,,,,,,,,,False,True,Damping,,Richelieu,,,,,,,,,,,,,680,grams,680,,,,,,,,,,,,,,,,,,
18 inch Drawer Slides,TCS-HW-SLIDE-02,18 inch Drawer Slides - Order +15% per job,Hardware,pair,0.0,0,6,12,0,DRAWER_SLIDE_AREA,Drawer Slide Area,,,,,,,,,,,,,,,,,,,,,,,,,,,,,"frameless, face-frame",None,None,None,,,,,,,,,,,,,,,,,,,,,,,,,,,None,457,mm,None,,,,,None,,,,,,,,,,,,,,,,,lbs,80,,Steel,Zinc,,,,,,,undermount,18 inch Drawer Slides,,None,,,,,,,,,,,,T815457,,,,,,,,,,,,,False,True,Damping,,Richelieu,,,,,,,,,,,,,590,grams,590,,,,,,,,,,,,,,,,,,
15 inch Drawer Slides,TCS-HW-SLIDE-03,15 inch Drawer Slides - Order +15% per job,Hardware,pair,0.0,0,6,12,0,DRAWER_SLIDE_AREA,Drawer Slide Area,,,,,,,,,,,,,,,,,,,,,,,,,,,,,"frameless, face-frame",None,None,None,,,,,,,,,,,,,,,,,,,,,,,,,,,None,380,mm,None,,,,,None,,,,,,,,,,,,,,,,,lbs,80,,Steel,Zinc,,,,,,,undermount,15 inch Drawer Slides,,None,,,,,,,,,,,,T815380,,,,,,,,,,,,,False,True,Damping,,Richelieu,,,,,,,,,,,,,500,grams,500,,,,,,,,,,,,,,,,,,
12 inch Drawer Slides,TCS-HW-SLIDE-04,12 inch Drawer Slides - Order +15% per job,Hardware,pair,0.0,0,6,12,0,DRAWER_SLIDE_AREA,Drawer Slide Area,,,,,,,,,,,,,,,,,,,,,,,,,,,,,"frameless, face-frame",None,None,None,,,,,,,,,,,,,,,,,,,,,,,,,,,None,304,mm,None,,,,,None,,,,,,,,,,,,,,,,,lbs,80,,Steel,Zinc,,,,,,,undermount,12 inch Drawer Slides,,None,,,,,,,,,,,,T815304,,,,,,,,,,,,,False,True,Damping,,Richelieu,,,,,,,,,,,,,410,grams,410,,,,,,,,,,,,,,,,,,
35 qt Soft-close Trash Pull Out,TCS-HW-TRASH-01,"35 qt Soft-close Trash Pull Out - Product #4WCSC1535DM191, 15"" width, 35-quart capacity, Order #N706532",Hardware,each,125.0,162.5,0,2,0,STORAGE_AREA,Storage Area,,,,,,,,,,,,,,,,,,,,,,,,,,,,,"frameless, face-frame",None,None,None,,,,,,,,,,,,,,,,,,,,,,,,,,,19.25,22,inches,14.25,,,,,None,,,,,,,,,,,,,,,,,lbs,150,,Chrome wire,Chrome,,,15,,,,floor-mount,35 qt Soft-close Trash Pull Out,,None,,,,,,,,,,,,RV-18KD-18C,,,https://www.richelieu.com/us/en/search?text=4WCSC1535DM191,,,,,,,,,,False,True,Full extension soft-close slides,,Rev-A-Shelf,,,,,,,,,35,quart,,,,,,,,,,,,,,,,,,,,,,,
Rev-A-Shelf Soft-Close Recycling Center,TCS-HW-TRASH-02,"Rev-A-Shelf Soft-Close Recycling Center - Product #4WCTM12BBSCDM1, Double bin system with soft-close mechanism, Order #N649288",Hardware,each,145.0,188.5,0,2,0,STORAGE_AREA,Storage Area,,,,,,,,,,,,,,,Dual compartment,,,,,,,,,,,,,"12"" minimum cabinet width",,,,,,,,,,,,,,,,,,,,,,,,,,,,,,,,,,,,,,,,,,,,White with chrome accents,,,,,,,,Cabinet mount,,,,,,Polymer/Metal construction,,,,Soft-close,,,,,,,,,,,,,,,,,,,,4WCTM12BBSCDM1,,,https://www.richelieu.com/us/en/search?text=4WCTM12BBSCDM1,,,,,,,,,,,,,,,,,,,,,,,,,,Double bin system,,,,,,,,,,,25,lbs,,,,,,,,,
White Lithium Grease,TCS-MAINT-LUB-01,White Lithium Grease,Maintenance,tube,0.0,0,1,2,0,WALL_BIN_L1,Wall Bin L1,,,,,"Bearings, Gears, Moving parts",,,,,,,,Lithium,,,,,,,,,,,,,,White,,,,,,,,,,,,,,,,,,,,,,,,,,,,,,,,,,,,,,,,,,,,,,,,,,,,,,,,,,,,,,,,,,,,,,,,,,,,,,Tube,,,,,,,,,,,,,,,,,,,,,,,,300,-65,°F,,,,,,,,Multi-purpose grease,,,,,,,,,,True,,,,,,,,,,,
Machine Oil,TCS-MAINT-OIL-01,Machine Oil,Maintenance,bottle,0.0,0,1,2,0,WALL_BIN_L2,Wall Bin L2,,,,,"Machine ways, Spindles, Gears",,,,,,,,,,,,,,,,,,,,,,,,,,,,,,,,,,,,,,,,,,,,,,,,,,,,,,,,,,,,,,,,,,,,,,,,,,,,,,,,,,,,,,,,,,,,,,,,,,,,Bottle,,,,,,,,,,,True,,,,,,,,,,,,,,,,,,,,,,,Machine lubricant,,,,,Light to medium,,,,,,,,,,,,,,,,
Serious Grit 6-Inch 120 Grit,TCS-SAND-DISC-01,Serious Grit 6-Inch 120 Grit - Added during inventory research - not in original inventory.,Sanding,each,0.0,0,1,3,0,MAIN,,Ceramic,,,,,,"Wood, Metal, Composite, Paint",,,Hook and loop,,Polyester film,,,,,,,,,,,,,,,,,,,,,,Random orbital sanders,,,,,,,,,,,,,,,,,,,,,,,,6,,None,inches,None,,,,,,,,,,,,,,120,,Universal multi-hole,,,,,,,,,,,,,,,,,,Serious Grit 6-Inch 120 Grit,,,,,,,,,,50,,,,None,,,,,,,,,,,,,,,,,Serious Grit,,,,,,,,,,,,,,,,,,,,,,,,,Dry,,,,,,,,
Serious Grit 6-Inch 120 Grit,TCS-SAND-DISC-02,Serious Grit 6-Inch 120 Grit - 50 pack - Film-Backed Universal Fit,Sanding,box,37.99,49.38700000000001,1,3,1,WALL_BIN_H2,Wall Bin H2,Ceramic,,,,,,"Wood, Metal, Composite, Paint",,,Hook and loop,,Polyester film,,,,,,,,,,,,,,,,,,,,,,Random orbital sanders,,,,,,,,,,,,,,,,,,,,,,,,6,,None,inches,None,,,,,,,,,,,,,,120,,Universal multi-hole,,,,,,,,,,,,,,,,,,Serious Grit 6-Inch 120 Grit,,,,,,,,,,50,,,,None,,,https://www.seriousgrit.com/products/6-inch-120-grit-ceramic-multi-hole-hook-and-loop-sanding-discs,,,,,,,,,,,,,,Serious Grit,,,,,,,,,,,,,,,,,,,,,,,,,Dry,,,,,,,,
Serious Grit 6-Inch 80 Grit,TCS-SAND-DISC-03,Serious Grit 6-Inch 80 Grit,Sanding,pack,0.0,0,1,3,1,WALL_BIN_H3,Wall Bin H3,Ceramic,,,,,,"Wood, Metal, Composite, Paint",,,Hook and loop,,Polyester film,,,,,,,,,,,,,,,,,,,,,,Random orbital sanders,,,,,,,,,,,,,,,,,,,,,,,,6,,None,inches,None,,,,,,,,,,,,,,80,,Universal multi-hole,,,,,,,,,,,,,,,,,,Serious Grit 6-Inch 80 Grit,,,,,,,,,,50,,,,None,,,https://www.seriousgrit.com/products/6-inch-80-grit-ceramic-multi-hole-hook-and-loop-sanding-discs,,,,,,,,,,,,,,Serious Grit,,,,,,,,,,,,,,,,,,,,,,,,,Dry,,,,,,,,
"6"" 100 Grit Sandpaper",TCS-SAND-GRIT-01,"6"" 100 Grit Sandpaper",Sanding,pack,0.0,0,1,3,0,WALL_BIN_I2,Wall Bin I2,,,,,"Random orbital sanders, Disc sanders",,,,Hook and loop,,Paper,,,,,,,,,,,,,,,,,,,,,,,,,,,,,,,,,,,,,,,,,inches,6,,,,,,,,,,,,,,,,,,,,,,,100,,,Multi-hole pattern,,,,,,,Aluminum oxide,,,,,,,,,,,,,,,,,,,,,,,,,,,,,,,,,,,,,,,,,,,,,,,,,,,,,,,,,,,,,,,,,,,,,,,,,,
"6"" 150 Grit Sandpaper",TCS-SAND-GRIT-02,"6"" 150 Grit Sandpaper",Sanding,pack,0.0,0,1,3,0,WALL_BIN_I3,Wall Bin I3,,,,,"Random orbital sanders, Disc sanders",,,,Hook and loop,,Paper,,,,,,,,,,,,,,,,,,,,,,,,,,,,,,,,,,,,,,,,,inches,6,,,,,,,,,,,,,,,,,,,,,,,150,,,Multi-hole pattern,,,,,,,Aluminum oxide,,,,,,,,,,,,,,,,,,,,,,,,,,,,,,,,,,,,,,,,,,,,,,,,,,,,,,,,,,,,,,,,,,,,,,,,,,
"6"" 180 Grit Sandpaper",TCS-SAND-GRIT-03,"6"" 180 Grit Sandpaper",Sanding,pack,0.0,0,1,3,0,WALL_BIN_I4,Wall Bin I4,,,,,"Random orbital sanders, Disc sanders",,,,Hook and loop,,Paper,,,,,,,,,,,,,,,,,,,,,,,,,,,,,,,,,,,,,,,,,inches,6,,,,,,,,,,,,,,,,,,,,,,,180,,,Multi-hole pattern,,,,,,,Aluminum oxide,,,,,,,,,,,,,,,,,,,,,,,,,,,,,,,,,,,,,,,,,,,,,,,,,,,,,,,,,,,,,,,,,,,,,,,,,,
"6"" 220 Grit Sandpaper",TCS-SAND-GRIT-04,"6"" 220 Grit Sandpaper",Sanding,pack,0.0,0,1,3,2,WALL_BIN_J1,Wall Bin J1,,,,,"Random orbital sanders, Disc sanders",,,,Hook and loop,,Paper,,,,,,,,,,,,,,,,,,,,,,,,,,,,,,,,,,,,,,,,,inches,6,,,,,,,,,,,,,,,,,,,,,,,220,,,Multi-hole pattern,,,,,,,Aluminum oxide,,,,,,,,,,,,,,,,,,,,,,,,,,,,,,,,,,,,,,,,,,,,,,,,,,,,,,,,,,,,,,,,,,,,,,,,,,
Serious Grit 120 Grit Ceramic Grain PSA Sandpaper Roll,TCS-SAND-ROLL-01,"Serious Grit 120 Grit Ceramic Grain PSA Sandpaper Roll - 2.75"" x 20 Yard Continuous, Reorder every 2-3 weeks",Sanding,roll,29.99,38.987,3,6,1,WALL_BIN_I1,Wall Bin I1,Ceramic,,,,,,"Wood, Metal, Plastic, Epoxy",,,PSA,,Paper,,,,,,,,,,,,,,,,,,,,,,"Hand sanding, Sanding blocks",,,,,,,,,,,,,,,,,,,,,,,,None,,60,feet,2.75,,,,,,,,,,,,,,120,,None,,,,,,,,,,,,,,,,,,Serious Grit 120 Grit Ceramic Grain PSA Sandpaper Roll,,,,,,,,,,1,,,,None,,,https://www.seriousgrit.com/products/120-grit-ceramic-grain-psa-sandpaper-roll,,,,,,,,,,,,,,Serious Grit,,,,,,,,,,,,,,,,,,,,,,,,,Dry,,,,,,,,
Rectangular Sandpaper (2x4/2x5),TCS-SAND-SHEET-01,Rectangular Sandpaper (2x4/2x5),Sanding,pack,0.0,0,1,3,1,WALL_BIN_H4,Wall Bin H4,,,,,"Detail sanders, Hand sanding",,,,Adhesive back,,Paper,,,,,,,,,,,,,,,,,,,,,,,,,,,,,,,,,,,,,,,,,,,,,,,,,,,,,,,,,,,,,,,,,,,,,,,,,,,Aluminum oxide,,,,,,,,,,,,,,,,,,,,,,,,,,,,,,,,,,,,"2x4 inches, 2x5 inches",,,,,,,,,,,,,,,,,,,,,,,,,,,,,,,,,,,,,,
YUEERIO 709563 Upgraded Dust Collection Bag for JET,TCS-SHOP-DUST-01,"YUEERIO 709563 Upgraded Dust Collection Bag for JET - Heavy Duty Clear Bags for DC-1100VX DC-1200VX 19.5""",Shop Supplies,pack,26.99,35.086999999999996,1,3,0,WALL_BIN_K1,Wall Bin K1,,,,,Fine dust collection,,,,,,,,,,,,,,,,,,,,,,,"JET DC-1100VX, JET DC-1200VX",,,,,,,,,,,,,,,,,,,,,,,,inches,19.5,,,,,,,,,,,,,,,,"Clear for visibility, Heavy duty construction",,,,,,,,,,,,,,,,,Heavy duty clear plastic,,,,,,,,,,,,,,,,,,,,,,,,,,,https://www.amazon.com/s?k=YUEERIO+709563+dust+collection+bag,,,,,,,,,,,,,,,,,,,,,,,,,,Dust collection bags,,,,,,,,,,,,,,,,,,,,,
Felder AF22 Dust Collection Bags,TCS-SHOP-DUST-02,Felder AF22 Dust Collection Bags,Shop Supplies,pack,0.0,0,1,3,0,WALL_BIN_K2,Wall Bin K2,,,,,Woodworking dust collection,,,,,,,,,,,,,,,,,,,,,,,Felder AF22 dust collectors,,,,,,,,,,,,,,,,,,,,,,,,,,,,,,,,,,,,,,,,,,,Fine particle capture,,,,,,,,,,,,,,,Filter fabric,,,,,,,,,,,,,,,,,,,,,,,,,,,,,,,,,,,,,,,,,,,,,,,,,,,,,Replacement dust bags,,,,,,,,,,,,,,,,,,,,,
Floor Unit Dust Collection Bags,TCS-SHOP-DUST-03,Floor Unit Dust Collection Bags,Shop Supplies,pack,0.0,0,1,3,12,WALL_BIN_K3,Wall Bin K3,,,,,General woodworking cleanup,,,,,,,,,,,,,,,,,,,,,,,Floor standing dust collectors,,,,,,,,,,,,,,,,,,,,,,,,,,,,,,,,,,,,,,,,,,,,,,,,,,,,,,,,,,Filter fabric,,,,,,,,,,,,,,,,,,,,,,,,,,,,,,,,,,,,,,,,,,,,,,,,,,,,,Replacement dust bags,,,,,,,,,,,,,,,,,,,,,
Kreg Jig Drill Bits,TCS-TOOL-BIT-01,Kreg Jig Drill Bits - These break and need replacement,Tools,each,0.0,0,1,2,0,WALL_BIN_K4,Wall Bin K4,,,,,,,,,,,,,,,,,,,,,,,None,,,None,,,,,,,"Wood, Plywood, MDF",,,,,,,,,,,,,,,None,,,,inches,0.375,,,,,,,,,,,,,,,,,None,,,None,,,,,,,,,,,,,High-speed steel,,,,,,,,,,Kreg Jig Drill Bits,,,,,,inches,6,,,,,,,KPHA300,,,,None,None,,,,inches,0.25,,,,,,,Kreg,,,,,,,,,,,,,,,,,,,,,,,,,,,,,,,,,
Calipers,TCS-TOOL-CAL-01,Calipers - Not consumable,Tools,each,0.0,0,1,2,1,CNC_DRAWER_1,CNC Drawer 1,,inches,0.001,,,,,,,,,,,Included,,,,,,,,,,,,,,,,,,,,,False,,,,,,,,,,,,,,,,,,,,,,,,,,,,Digital LCD,,,,,,,,,,,,,,,,,,,,,,,,,,"Inside, Outside, Depth, Step",,,,,,,,,,,,,,,,,,,,,,inches,6,,,,,,,,,,,,,,,,,,,,,,,,,,,Digital calipers,,,,,,,,,,,,,,,,,,,,,
Collets,TCS-TOOL-COLL-01,Collets - Not consumable,Tools,set,0.0,0,1,2,0,CNC_AREA,CNC Area,,,,,,,,,,,,,,,,,,,,,,,,,,,,CNC routers,,,,,,,False,,,,,,,,,,,,,,,,,,,,,,,,,,,,,,,,,,,,,,,,,,,,,,,,,,,Steel,,,,,,,,,,,,,,,,,,,,,,,High accuracy,,,,,,,,,,,,,"1/8"", 1/4"", 3/8"", 1/2""",,,,,,,,,,,,,,,,,CNC collet set,,,,,,,,,,,,,,,,,,,,,
Rabbit Router Bits (Various),TCS-TOOL-ROUTE-01,"Rabbit Router Bits (Various) - Job specific, track for reference",Tools,each,0.0,0,1,2,0,ROUTER_BIT_CABINET,Router Bit Cabinet,,,,,,,,,,,,,,,,,,,,,,,None,,,None,,,,,,,"Wood, Plywood, MDF",,,,,,,,,,,,,,,,inches,0.5,,inches,None,,,,,,,,,,,,,,,,,None,,,2,,,,,,,,,,,,,Carbide tipped,,,,,,,,,,Rabbit Router Bits (Various),,,,,None,,,,,,,,,None,,,,None,None,,,,inches,0.25,,,,,,,Various,,,,,,,,,,,,,,,,,,,,,,,,,,,,,,,,,
